Date,Close
1986-12-30,
1986-12-31,775.0
1987-01-01,775.0
1987-01-02,770.89
1987-01-05,771.89
1987-01-06,775.92
1987-01-07,781.21
1987-01-08,777.62
1987-01-09,769.8
1987-01-12,775.07
1987-01-13,770.0
1987-01-14,772.04
1987-01-15,779.12
1987-01-16,781.66
1987-01-19,773.43
1987-01-20,773.49
1987-01-21,771.09
1987-01-22,773.4
1987-01-23,778.26
1987-01-26,769.38
1987-01-27,772.16
1987-01-28,751.63
1987-01-29,757.13
1987-01-30,766.56
1987-02-02,763.91
1987-02-03,756.58
1987-02-04,762.34
1987-02-05,763.6
1987-02-06,775.28
1987-02-09,776.67
1987-02-10,764.71
1987-02-11,769.49
1987-02-12,767.61
1987-02-13,771.29
1987-02-16,774.88
1987-02-17,772.65
1987-02-18,777.76
1987-02-19,780.57
1987-02-20,784.8
1987-02-23,776.54
1987-02-24,780.12
1987-02-25,782.72
1987-02-26,786.75
1987-02-27,788.11
1987-03-02,791.4
1987-03-03,791.73
1987-03-04,802.08
1987-03-05,808.65
1987-03-06,807.23
1987-03-09,806.26
1987-03-10,803.6
1987-03-11,801.2
1987-03-12,805.2
1987-03-13,803.25
1987-03-16,800.09
1987-03-17,801.99
1987-03-18,808.55
1987-03-19,795.98
1987-03-20,801.4
1987-03-23,812.62
1987-03-24,820.67
1987-03-25,820.05
1987-03-26,823.77
1987-03-27,829.86
1987-03-30,817.03
1987-03-31,812.24
1987-04-01,816.48
1987-04-02,822.64
1987-04-03,821.49
1987-04-06,835.74
1987-04-07,833.65
1987-04-08,832.64
1987-04-09,827.98
1987-04-10,815.0
1987-04-13,803.03
1987-04-14,803.92
1987-04-15,811.41
1987-04-16,820.83
1987-04-17,820.71
1987-04-20,820.3
1987-04-21,817.57
1987-04-22,827.37
1987-04-23,827.65
1987-04-24,829.92
1987-04-27,817.51
1987-04-28,828.34
1987-04-29,835.3
1987-04-30,838.2
1987-05-01,842.31
1987-05-04,841.56
1987-05-05,840.05
1987-05-06,849.62
1987-05-07,851.95
1987-05-08,863.04
1987-05-11,871.07
1987-05-12,863.7
1987-05-13,870.57
1987-05-14,876.78
1987-05-15,864.62
1987-05-18,868.99
1987-05-19,873.36
1987-05-20,858.93
1987-05-21,853.49
1987-05-22,857.02
1987-05-25,856.65
1987-05-26,857.79
1987-05-27,855.42
1987-05-28,859.96
1987-05-29,869.99
1987-06-01,881.05
1987-06-02,873.23
1987-06-03,877.47
1987-06-04,875.91
1987-06-05,877.33
1987-06-08,878.08
1987-06-09,886.52
1987-06-10,879.74
1987-06-11,885.7
1987-06-12,892.38
1987-06-15,899.33
1987-06-16,902.37
1987-06-17,905.03
1987-06-18,897.52
1987-06-19,897.31
1987-06-22,899.0
1987-06-23,907.32
1987-06-24,904.5
1987-06-25,905.61
1987-06-26,911.11
1987-06-29,908.71
1987-06-30,906.57
1987-07-01,898.16
1987-07-02,908.65
1987-07-03,922.57
1987-07-06,928.07
1987-07-07,930.73
1987-07-08,931.95
1987-07-09,933.27
1987-07-10,935.2
1987-07-13,935.49
1987-07-14,942.6
1987-07-15,950.81
1987-07-16,958.93
1987-07-17,961.38
1987-07-20,957.95
1987-07-21,953.98
1987-07-22,941.55
1987-07-23,937.41
1987-07-24,937.8
1987-07-27,932.63
1987-07-28,943.51
1987-07-29,951.33
1987-07-30,951.77
1987-07-31,947.69
1987-08-03,946.3
1987-08-04,943.74
1987-08-05,943.24
1987-08-06,937.18
1987-08-07,933.31
1987-08-10,936.24
1987-08-11,935.44
1987-08-12,946.84
1987-08-13,945.45
1987-08-14,945.61
1987-08-17,937.27
1987-08-18,924.17
1987-08-19,915.03
1987-08-20,917.26
1987-08-21,921.27
1987-08-24,917.53
1987-08-25,920.05
1987-08-26,919.61
1987-08-27,919.19
1987-08-28,921.13
1987-08-31,921.71
1987-09-01,930.16
1987-09-02,923.13
1987-09-03,921.56
1987-09-04,917.69
1987-09-07,913.41
1987-09-08,908.33
1987-09-09,902.65
1987-09-10,909.48
1987-09-11,913.45
1987-09-14,919.44
1987-09-15,916.75
1987-09-16,918.56
1987-09-17,925.35
1987-09-18,927.3
1987-09-21,925.77
1987-09-22,922.64
1987-09-23,935.65
1987-09-24,923.8
1987-09-25,925.93
1987-09-28,936.3
1987-09-29,935.8
1987-09-30,934.44
1987-10-01,936.46
1987-10-02,942.65
1987-10-05,947.57
1987-10-06,941.91
1987-10-07,934.32
1987-10-08,938.24
1987-10-09,929.55
1987-10-12,915.62
1987-10-13,919.57
1987-10-14,911.31
1987-10-15,897.84
1987-10-16,890.93
1987-10-19,810.63
1987-10-20,736.76
1987-10-21,791.58
1987-10-22,756.19
1987-10-23,746.33
1987-10-26,701.3
1987-10-27,710.1
1987-10-28,683.57
1987-10-29,684.67
1987-10-30,719.78
1987-11-02,709.57
1987-11-03,688.03
1987-11-04,669.39
1987-11-05,670.9
1987-11-06,670.19
1987-11-09,643.72
1987-11-10,626.09
1987-11-11,645.11
1987-11-12,678.3
1987-11-13,671.29
1987-11-16,681.47
1987-11-17,666.88
1987-11-18,667.01
1987-11-19,657.61
1987-11-20,650.27
1987-11-23,654.41
1987-11-24,673.08
1987-11-25,665.87
1987-11-26,664.54
1987-11-27,663.35
1987-11-30,640.51
1987-12-01,638.76
1987-12-02,639.85
1987-12-03,636.72
1987-12-04,628.76
1987-12-07,629.56
1987-12-08,635.58
1987-12-09,640.5
1987-12-10,637.79
1987-12-11,639.54
1987-12-14,641.03
1987-12-15,646.98
1987-12-16,655.31
1987-12-17,657.94
1987-12-18,658.1
1987-12-21,668.95
1987-12-22,669.92
1987-12-23,678.3
1987-12-24,679.3
1987-12-25,679.3
1987-12-28,680.28
1987-12-29,658.14
1987-12-30,664.83
1987-12-31,651.26
1988-01-01,651.26
1988-01-04,649.07
1988-01-05,670.22
1988-01-06,676.42
1988-01-07,677.95
1988-01-08,679.6
1988-01-11,661.54
1988-01-12,656.34
1988-01-13,651.89
1988-01-14,654.7
1988-01-15,664.7
1988-01-18,674.27
1988-01-19,662.58
1988-01-20,654.36
1988-01-21,651.36
1988-01-22,656.89
1988-01-25,655.24
1988-01-26,656.28
1988-01-27,655.56
1988-01-28,657.59
1988-01-29,660.28
1988-02-01,659.42
1988-02-02,657.2
1988-02-03,658.57
1988-02-04,662.93
1988-02-05,660.05
1988-02-08,655.25
1988-02-09,650.01
1988-02-10,658.68
1988-02-11,668.68
1988-02-12,672.36
1988-02-15,676.67
1988-02-16,676.17
1988-02-17,682.55
1988-02-18,679.64
1988-02-19,675.97
1988-02-22,681.76
1988-02-23,684.1
1988-02-24,685.45
1988-02-25,693.1
1988-02-26,684.81
1988-02-29,687.18
1988-03-01,690.97
1988-03-02,699.25
1988-03-03,699.1
1988-03-04,698.49
1988-03-07,689.55
1988-03-08,699.67
1988-03-09,702.93
1988-03-10,712.21
1988-03-11,705.44
1988-03-14,706.69
1988-03-15,711.33
1988-03-16,710.12
1988-03-17,694.65
1988-03-18,730.81
1988-03-21,724.9
1988-03-22,718.18
1988-03-23,717.83
1988-03-24,707.85
1988-03-25,698.59
1988-03-28,683.47
1988-03-29,689.91
1988-03-30,687.4
1988-03-31,682.68
1988-04-01,682.8
1988-04-04,682.58
1988-04-05,680.03
1988-04-06,690.85
1988-04-07,696.76
1988-04-08,700.47
1988-04-11,712.86
1988-04-12,713.32
1988-04-13,714.11
1988-04-14,705.69
1988-04-15,698.0
1988-04-18,698.72
1988-04-19,704.94
1988-04-20,699.47
1988-04-21,698.8
1988-04-22,697.63
1988-04-25,699.06
1988-04-26,703.75
1988-04-27,703.11
1988-04-28,702.97
1988-04-29,700.02
1988-05-02,699.53
1988-05-03,698.03
1988-05-04,698.21
1988-05-05,694.14
1988-05-06,696.34
1988-05-09,688.54
1988-05-10,687.11
1988-05-11,676.0
1988-05-12,677.63
1988-05-13,678.34
1988-05-16,687.92
1988-05-17,694.17
1988-05-18,690.59
1988-05-19,682.23
1988-05-20,685.43
1988-05-23,682.29
1988-05-24,685.98
1988-05-25,690.29
1988-05-26,689.45
1988-05-27,686.78
1988-05-30,690.85
1988-05-31,695.15
1988-06-01,702.3
1988-06-02,717.78
1988-06-03,708.04
1988-06-06,714.36
1988-06-07,710.29
1988-06-08,713.03
1988-06-09,721.79
1988-06-10,723.02
1988-06-13,721.39
1988-06-14,727.1
1988-06-15,729.44
1988-06-16,724.31
1988-06-17,723.46
1988-06-20,721.91
1988-06-21,727.19
1988-06-22,735.29
1988-06-23,736.48
1988-06-24,735.13
1988-06-27,727.07
1988-06-28,728.19
1988-06-29,731.79
1988-06-30,729.8
1988-07-01,733.7
1988-07-04,731.08
1988-07-05,738.22
1988-07-06,749.96
1988-07-07,743.09
1988-07-08,747.0
1988-07-11,746.52
1988-07-12,738.32
1988-07-13,739.03
1988-07-14,739.35
1988-07-15,740.89
1988-07-18,738.7
1988-07-19,737.23
1988-07-20,744.35
1988-07-21,744.77
1988-07-22,737.08
1988-07-25,736.9
1988-07-26,738.96
1988-07-27,742.13
1988-07-28,740.13
1988-07-29,746.71
1988-08-01,752.0
1988-08-02,750.41
1988-08-03,750.95
1988-08-04,751.61
1988-08-05,756.01
1988-08-08,754.03
1988-08-09,754.51
1988-08-10,742.01
1988-08-11,736.51
1988-08-12,742.49
1988-08-15,734.44
1988-08-16,734.22
1988-08-17,741.36
1988-08-18,743.1
1988-08-19,742.57
1988-08-22,740.09
1988-08-23,733.17
1988-08-24,733.28
1988-08-25,720.66
1988-08-26,716.54
1988-08-29,715.07
1988-08-30,715.93
1988-08-31,716.95
1988-09-01,710.96
1988-09-02,710.94
1988-09-05,718.94
1988-09-06,720.49
1988-09-07,719.58
1988-09-08,721.63
1988-09-09,716.75
1988-09-12,722.38
1988-09-13,726.93
1988-09-14,734.37
1988-09-15,737.47
1988-09-16,735.72
1988-09-19,735.71
1988-09-20,738.03
1988-09-21,743.71
1988-09-22,743.47
1988-09-23,742.73
1988-09-26,745.42
1988-09-27,748.2
1988-09-28,748.87
1988-09-29,755.01
1988-09-30,754.73
1988-10-03,750.43
1988-10-04,752.27
1988-10-05,756.65
1988-10-06,760.21
1988-10-07,762.42
1988-10-10,766.75
1988-10-11,761.83
1988-10-12,754.97
1988-10-13,761.13
1988-10-14,765.57
1988-10-17,769.28
1988-10-18,772.08
1988-10-19,775.61
1988-10-20,774.29
1988-10-21,771.36
1988-10-24,768.28
1988-10-25,769.89
1988-10-26,779.73
1988-10-27,772.7
1988-10-28,776.63
1988-10-31,774.19
1988-11-01,779.6
1988-11-02,775.18
1988-11-03,773.24
1988-11-04,774.37
1988-11-07,767.47
1988-11-08,774.34
1988-11-09,768.61
1988-11-10,767.3
1988-11-11,761.11
1988-11-14,757.55
1988-11-15,757.09
1988-11-16,758.02
1988-11-17,760.9
1988-11-18,761.04
1988-11-21,756.31
1988-11-22,757.82
1988-11-23,764.23
1988-11-24,766.03
1988-11-25,760.11
1988-11-28,758.05
1988-11-29,760.27
1988-11-30,764.98
1988-12-01,762.41
1988-12-02,758.86
1988-12-05,758.27
1988-12-06,761.9
1988-12-07,767.12
1988-12-08,764.77
1988-12-09,769.72
1988-12-12,762.67
1988-12-13,763.09
1988-12-14,761.56
1988-12-15,762.5
1988-12-16,767.52
1988-12-19,771.09
1988-12-20,776.6
1988-12-21,774.34
1988-12-22,761.63
1988-12-23,775.45
1988-12-26,775.37
1988-12-27,778.58
1988-12-28,779.77
1988-12-29,783.33
1988-12-30,781.29
1989-01-02,783.33
1989-01-03,787.65
1989-01-04,792.62
1989-01-05,797.61
1989-01-06,800.79
1989-01-09,806.98
1989-01-10,806.2
1989-01-11,807.51
1989-01-12,810.86
1989-01-13,811.42
1989-01-16,813.47
1989-01-17,811.13
1989-01-18,817.6
1989-01-19,823.44
1989-01-20,821.16
1989-01-23,819.64
1989-01-24,824.6
1989-01-25,830.27
1989-01-26,831.76
1989-01-27,842.34
1989-01-30,848.93
1989-01-31,847.86
1989-02-01,842.93
1989-02-02,843.4
1989-02-03,850.98
1989-02-06,844.28
1989-02-07,847.71
1989-02-08,857.33
1989-02-09,852.92
1989-02-10,847.83
1989-02-13,839.08
1989-02-14,843.25
1989-02-15,838.92
1989-02-16,837.46
1989-02-17,835.99
1989-02-20,842.58
1989-02-21,838.27
1989-02-22,827.57
1989-02-23,817.99
1989-02-24,824.07
1989-02-27,802.5
1989-02-28,808.13
1989-03-01,814.95
1989-03-02,819.74
1989-03-03,827.77
1989-03-06,837.76
1989-03-07,841.38
1989-03-08,837.95
1989-03-09,838.11
1989-03-10,837.21
1989-03-13,842.91
1989-03-14,849.49
1989-03-15,853.06
1989-03-16,850.67
1989-03-17,843.29
1989-03-20,818.37
1989-03-21,841.18
1989-03-22,836.37
1989-03-23,838.8
1989-03-24,839.02
1989-03-27,837.8
1989-03-28,838.38
1989-03-29,841.83
1989-03-30,836.83
1989-03-31,844.24
1989-04-03,846.7
1989-04-04,848.6
1989-04-05,847.37
1989-04-06,841.75
1989-04-07,840.11
1989-04-10,840.12
1989-04-11,843.73
1989-04-12,843.72
1989-04-13,842.58
1989-04-14,847.57
1989-04-17,849.98
1989-04-18,854.01
1989-04-19,856.21
1989-04-20,848.47
1989-04-21,849.15
1989-04-24,848.91
1989-04-25,847.65
1989-04-26,849.72
1989-04-27,854.14
1989-04-28,854.5
1989-05-01,853.65
1989-05-02,849.95
1989-05-03,849.38
1989-05-04,851.16
1989-05-05,857.17
1989-05-08,851.48
1989-05-09,852.25
1989-05-10,849.49
1989-05-11,848.13
1989-05-12,852.15
1989-05-15,854.5
1989-05-16,852.38
1989-05-17,854.44
1989-05-18,861.06
1989-05-19,864.47
1989-05-22,860.47
1989-05-23,857.3
1989-05-24,853.72
1989-05-25,857.81
1989-05-26,857.32
1989-05-29,860.64
1989-05-30,859.11
1989-05-31,854.79
1989-06-01,853.81
1989-06-02,851.86
1989-06-05,854.38
1989-06-06,857.25
1989-06-07,862.32
1989-06-08,871.53
1989-06-09,872.89
1989-06-12,873.02
1989-06-13,868.95
1989-06-14,872.28
1989-06-15,869.1
1989-06-16,869.73
1989-06-19,875.01
1989-06-20,882.64
1989-06-21,882.12
1989-06-22,883.77
1989-06-23,880.31
1989-06-26,883.77
1989-06-27,890.71
1989-06-28,896.17
1989-06-29,887.26
1989-06-30,873.14
1989-07-03,880.49
1989-07-04,885.25
1989-07-05,882.58
1989-07-06,881.61
1989-07-07,890.25
1989-07-10,893.16
1989-07-11,911.42
1989-07-12,909.13
1989-07-13,913.49
1989-07-14,919.64
1989-07-17,919.19
1989-07-18,921.01
1989-07-19,925.39
1989-07-20,930.59
1989-07-21,930.46
1989-07-24,923.13
1989-07-25,926.79
1989-07-26,929.6
1989-07-27,935.8
1989-07-28,941.28
1989-07-31,939.45
1989-08-01,940.71
1989-08-02,941.83
1989-08-03,937.87
1989-08-04,948.57
1989-08-07,953.88
1989-08-08,956.89
1989-08-09,961.97
1989-08-10,956.73
1989-08-11,960.63
1989-08-14,952.92
1989-08-15,945.89
1989-08-16,954.49
1989-08-17,956.52
1989-08-18,954.1
1989-08-21,959.52
1989-08-22,956.94
1989-08-23,959.35
1989-08-24,965.4
1989-08-25,972.95
1989-08-28,972.55
1989-08-29,967.65
1989-08-30,968.09
1989-08-31,972.04
1989-09-01,974.58
1989-09-04,980.9
1989-09-05,984.39
1989-09-06,975.02
1989-09-07,983.21
1989-09-08,985.67
1989-09-11,980.44
1989-09-12,977.08
1989-09-13,975.23
1989-09-14,969.07
1989-09-15,966.34
1989-09-18,971.17
1989-09-19,967.7
1989-09-20,968.81
1989-09-21,971.32
1989-09-22,971.39
1989-09-25,968.92
1989-09-26,961.52
1989-09-27,954.07
1989-09-28,947.41
1989-09-29,943.57
1989-10-02,941.29
1989-10-03,952.96
1989-10-04,952.09
1989-10-05,950.09
1989-10-06,954.73
1989-10-09,948.96
1989-10-10,941.93
1989-10-11,937.11
1989-10-12,939.56
1989-10-13,936.15
1989-10-16,882.35
1989-10-17,887.18
1989-10-18,895.18
1989-10-19,909.71
1989-10-20,908.01
1989-10-23,910.59
1989-10-24,892.73
1989-10-25,888.56
1989-10-26,882.26
1989-10-27,858.48
1989-10-30,869.19
1989-10-31,875.91
1989-11-01,879.79
1989-11-02,877.07
1989-11-03,876.23
1989-11-06,877.43
1989-11-07,872.41
1989-11-08,882.12
1989-11-09,884.22
1989-11-10,893.63
1989-11-13,899.51
1989-11-14,895.33
1989-11-15,889.24
1989-11-16,898.16
1989-11-17,899.43
1989-11-20,891.84
1989-11-21,889.22
1989-11-22,891.71
1989-11-23,900.68
1989-11-24,905.57
1989-11-27,905.2
1989-11-28,907.97
1989-11-29,911.44
1989-11-30,921.74
1989-12-01,932.33
1989-12-04,934.8
1989-12-05,936.43
1989-12-06,943.68
1989-12-07,945.91
1989-12-08,950.94
1989-12-11,947.8
1989-12-12,945.95
1989-12-13,951.07
1989-12-14,945.25
1989-12-15,945.28
1989-12-18,942.15
1989-12-19,938.72
1989-12-20,949.45
1989-12-21,950.5
1989-12-22,950.28
1989-12-25,950.28
1989-12-26,952.19
1989-12-27,967.8
1989-12-28,973.62
1989-12-29,980.22
1990-01-01,980.22
1990-01-02,986.56
1990-01-03,1000.35
1990-01-04,996.34
1990-01-05,985.96
1990-01-08,988.13
1990-01-09,993.28
1990-01-10,986.13
1990-01-11,993.33
1990-01-12,983.38
1990-01-15,978.66
1990-01-16,967.27
1990-01-17,972.72
1990-01-18,959.42
1990-01-19,959.96
1990-01-22,955.71
1990-01-23,950.85
1990-01-24,934.21
1990-01-25,946.87
1990-01-26,950.61
1990-01-29,954.53
1990-01-30,958.18
1990-01-31,964.17
1990-02-01,973.37
1990-02-02,986.42
1990-02-05,992.83
1990-02-06,986.22
1990-02-07,973.28
1990-02-08,983.59
1990-02-09,977.12
1990-02-12,964.68
1990-02-13,962.31
1990-02-14,964.36
1990-02-15,971.51
1990-02-16,981.08
1990-02-19,969.42
1990-02-20,956.06
1990-02-21,948.95
1990-02-22,954.62
1990-02-23,941.35
1990-02-26,939.56
1990-02-27,946.41
1990-02-28,949.9
1990-03-01,940.72
1990-03-02,951.14
1990-03-05,944.6
1990-03-06,942.11
1990-03-07,949.97
1990-03-08,955.15
1990-03-09,950.97
1990-03-12,945.69
1990-03-13,947.8
1990-03-14,949.38
1990-03-15,955.6
1990-03-16,962.51
1990-03-19,955.9
1990-03-20,958.71
1990-03-21,960.73
1990-03-22,956.34
1990-03-23,963.17
1990-03-26,971.48
1990-03-27,964.96
1990-03-28,966.36
1990-03-29,967.21
1990-03-30,965.38
1990-04-02,953.19
1990-04-03,963.83
1990-04-04,963.74
1990-04-05,966.97
1990-04-06,966.34
1990-04-09,963.36
1990-04-10,959.35
1990-04-11,959.33
1990-04-12,962.86
1990-04-13,962.51
1990-04-16,963.77
1990-04-17,962.24
1990-04-18,955.42
1990-04-19,952.11
1990-04-20,955.48
1990-04-23,942.98
1990-04-24,939.75
1990-04-25,934.34
1990-04-26,927.15
1990-04-27,919.24
1990-04-30,918.08
1990-05-01,922.2
1990-05-02,931.47
1990-05-03,938.53
1990-05-04,949.36
1990-05-07,955.11
1990-05-08,955.04
1990-05-09,950.0
1990-05-10,948.42
1990-05-11,949.44
1990-05-14,959.93
1990-05-15,957.22
1990-05-16,956.24
1990-05-17,973.44
1990-05-18,968.92
1990-05-21,964.7
1990-05-22,977.06
1990-05-23,975.86
1990-05-24,975.18
1990-05-25,967.39
1990-05-28,966.53
1990-05-29,978.24
1990-05-30,994.0
1990-05-31,994.01
1990-06-01,995.89
1990-06-04,999.2
1990-06-05,1004.98
1990-06-06,990.76
1990-06-07,992.79
1990-06-08,986.78
1990-06-11,979.82
1990-06-12,985.73
1990-06-13,994.34
1990-06-14,997.92
1990-06-15,991.85
1990-06-18,981.99
1990-06-19,989.96
1990-06-20,995.78
1990-06-21,997.98
1990-06-22,1003.68
1990-06-25,1011.54
1990-06-26,1013.66
1990-06-27,1007.37
1990-06-28,1004.26
1990-06-29,1006.62
1990-07-02,1010.96
1990-07-03,1012.12
1990-07-04,1009.23
1990-07-05,1000.43
1990-07-06,1006.0
1990-07-09,1006.91
1990-07-10,1001.82
1990-07-11,1010.99
1990-07-12,1024.55
1990-07-13,1021.21
1990-07-16,1030.61
1990-07-17,1033.66
1990-07-18,1026.8
1990-07-19,1027.81
1990-07-20,1031.02
1990-07-23,1011.65
1990-07-24,1010.22
1990-07-25,1008.76
1990-07-26,1004.0
1990-07-27,999.36
1990-07-30,994.56
1990-07-31,1000.87
1990-08-01,1000.02
1990-08-02,990.74
1990-08-03,975.55
1990-08-06,933.99
1990-08-07,949.06
1990-08-08,938.6
1990-08-09,946.18
1990-08-10,942.43
1990-08-13,925.7
1990-08-14,935.95
1990-08-15,933.0
1990-08-16,934.29
1990-08-17,916.62
1990-08-20,902.18
1990-08-21,876.17
1990-08-22,881.09
1990-08-23,862.27
1990-08-24,874.24
1990-08-27,896.15
1990-08-28,897.36
1990-08-29,901.81
1990-08-30,908.54
1990-08-31,902.81
1990-09-03,902.32
1990-09-04,889.71
1990-09-05,890.18
1990-09-06,883.47
1990-09-07,883.55
1990-09-10,893.57
1990-09-11,887.59
1990-09-12,894.49
1990-09-13,891.45
1990-09-14,874.48
1990-09-17,870.28
1990-09-18,855.94
1990-09-19,853.13
1990-09-20,839.19
1990-09-21,834.85
1990-09-24,823.59
1990-09-25,812.81
1990-09-26,817.34
1990-09-27,819.91
1990-09-28,807.74
1990-10-01,831.68
1990-10-02,850.07
1990-10-03,853.01
1990-10-04,847.0
1990-10-05,860.95
1990-10-08,888.3
1990-10-09,863.62
1990-10-10,853.42
1990-10-11,850.86
1990-10-12,858.24
1990-10-15,857.57
1990-10-16,851.07
1990-10-17,845.39
1990-10-18,854.01
1990-10-19,860.72
1990-10-22,859.13
1990-10-23,874.86
1990-10-24,873.3
1990-10-25,863.6
1990-10-26,852.48
1990-10-29,850.81
1990-10-30,840.33
1990-10-31,842.54
1990-11-01,834.86
1990-11-02,835.03
1990-11-05,836.77
1990-11-06,840.95
1990-11-07,832.1
1990-11-08,822.94
1990-11-09,826.49
1990-11-12,833.41
1990-11-13,836.36
1990-11-14,830.98
1990-11-15,835.88
1990-11-16,835.46
1990-11-19,848.11
1990-11-20,853.3
1990-11-21,853.76
1990-11-22,857.81
1990-11-23,865.11
1990-11-26,854.13
1990-11-27,848.87
1990-11-28,846.8
1990-11-29,849.38
1990-11-30,852.01
1990-12-03,863.45
1990-12-04,853.65
1990-12-05,859.53
1990-12-06,870.3
1990-12-07,873.46
1990-12-10,868.24
1990-12-11,863.7
1990-12-12,864.85
1990-12-13,869.6
1990-12-14,866.69
1990-12-17,855.12
1990-12-18,857.21
1990-12-19,854.12
1990-12-20,840.48
1990-12-21,847.34
1990-12-24,840.98
1990-12-25,845.26
1990-12-26,842.14
1990-12-27,845.15
1990-12-28,840.64
1990-12-31,835.34
1991-01-01,835.34
1991-01-02,829.47
1991-01-03,828.48
1991-01-04,834.03
1991-01-07,824.1
1991-01-08,820.32
1991-01-09,833.34
1991-01-10,823.51
1991-01-11,820.84
1991-01-14,807.06
1991-01-15,807.1
1991-01-16,806.49
1991-01-17,837.3
1991-01-18,831.79
1991-01-21,823.96
1991-01-22,821.96
1991-01-23,818.49
1991-01-24,829.81
1991-01-25,834.83
1991-01-28,838.74
1991-01-29,837.04
1991-01-30,852.27
1991-01-31,854.56
1991-02-01,853.71
1991-02-04,856.78
1991-02-05,866.04
1991-02-06,864.68
1991-02-07,878.42
1991-02-08,883.67
1991-02-11,898.77
1991-02-12,891.33
1991-02-13,896.24
1991-02-14,900.84
1991-02-15,908.17
1991-02-18,919.54
1991-02-19,920.51
1991-02-20,913.51
1991-02-21,918.24
1991-02-22,924.66
1991-02-25,935.89
1991-02-26,921.84
1991-02-27,926.37
1991-02-28,936.23
1991-03-01,931.84
1991-03-04,934.66
1991-03-05,946.41
1991-03-06,961.62
1991-03-07,959.7
1991-03-08,969.79
1991-03-11,964.86
1991-03-12,963.99
1991-03-13,956.87
1991-03-14,975.64
1991-03-15,970.99
1991-03-18,970.59
1991-03-19,960.62
1991-03-20,953.02
1991-03-21,964.12
1991-03-22,955.81
1991-03-25,958.71
1991-03-26,959.81
1991-03-27,967.21
1991-03-28,973.29
1991-03-29,975.79
1991-04-01,979.37
1991-04-02,982.27
1991-04-03,990.66
1991-04-04,992.74
1991-04-05,1000.27
1991-04-08,995.74
1991-04-09,997.03
1991-04-10,986.66
1991-04-11,992.58
1991-04-12,998.26
1991-04-15,1003.22
1991-04-16,995.34
1991-04-17,1005.15
1991-04-18,1006.9
1991-04-19,1000.77
1991-04-22,989.47
1991-04-23,997.75
1991-04-24,994.4
1991-04-25,996.16
1991-04-26,981.45
1991-04-29,996.36
1991-04-30,991.21
1991-05-01,992.97
1991-05-02,1006.19
1991-05-03,1003.71
1991-05-06,1004.57
1991-05-07,1008.16
1991-05-08,1002.73
1991-05-09,1006.95
1991-05-10,1012.44
1991-05-13,996.87
1991-05-14,993.01
1991-05-15,987.51
1991-05-16,991.67
1991-05-17,989.92
1991-05-20,995.11
1991-05-21,1004.93
1991-05-22,1005.02
1991-05-23,1007.7
1991-05-24,1003.64
1991-05-27,1006.09
1991-05-28,1012.55
1991-05-29,1014.8
1991-05-30,1016.49
1991-05-31,1024.68
1991-06-03,1032.53
1991-06-04,1028.17
1991-06-05,1034.38
1991-06-06,1030.41
1991-06-07,1025.11
1991-06-10,1024.67
1991-06-11,1033.78
1991-06-12,1023.62
1991-06-13,1021.52
1991-06-14,1028.7
1991-06-17,1022.71
1991-06-18,1020.88
1991-06-19,1012.02
1991-06-20,1007.2
1991-06-21,1013.73
1991-06-24,1000.5
1991-06-25,1000.81
1991-06-26,993.02
1991-06-27,995.91
1991-06-28,984.84
1991-07-01,990.56
1991-07-02,993.36
1991-07-03,985.8
1991-07-04,989.4
1991-07-05,999.51
1991-07-08,985.88
1991-07-09,994.75
1991-07-10,1006.95
1991-07-11,1000.07
1991-07-12,999.07
1991-07-15,1008.77
1991-07-16,1013.34
1991-07-17,1010.26
1991-07-18,1009.18
1991-07-19,1009.36
1991-07-22,1012.45
1991-07-23,1019.64
1991-07-24,1013.79
1991-07-25,1012.99
1991-07-26,1010.93
1991-07-29,1011.79
1991-07-30,1016.9
1991-07-31,1015.77
1991-08-01,1016.47
1991-08-02,1017.06
1991-08-05,1015.57
1991-08-06,1007.81
1991-08-07,1020.02
1991-08-08,1018.32
1991-08-09,1013.92
1991-08-12,1011.88
1991-08-13,1017.91
1991-08-14,1023.24
1991-08-15,1023.16
1991-08-16,1024.4
1991-08-19,976.25
1991-08-20,989.09
1991-08-21,1004.54
1991-08-22,1018.36
1991-08-23,1027.64
1991-08-26,1030.81
1991-08-27,1026.97
1991-08-28,1026.03
1991-08-29,1029.44
1991-08-30,1032.91
1991-09-02,1040.2
1991-09-03,1038.45
1991-09-04,1036.41
1991-09-05,1037.09
1991-09-06,1037.54
1991-09-09,1029.94
1991-09-10,1022.64
1991-09-11,1019.01
1991-09-12,1023.14
1991-09-13,1018.37
1991-09-16,1014.38
1991-09-17,1013.72
1991-09-18,1014.3
1991-09-19,1017.65
1991-09-20,1021.13
1991-09-23,1016.05
1991-09-24,1018.53
1991-09-25,1019.25
1991-09-26,1019.21
1991-09-27,1020.57
1991-09-30,1026.61
1991-10-01,1033.28
1991-10-02,1031.3
1991-10-03,1026.55
1991-10-04,1025.93
1991-10-07,1019.52
1991-10-08,1017.57
1991-10-09,1012.51
1991-10-10,1011.33
1991-10-11,1006.78
1991-10-14,1011.65
1991-10-15,1016.57
1991-10-16,1015.32
1991-10-17,1015.8
1991-10-18,1020.22
1991-10-21,1015.13
1991-10-22,1014.72
1991-10-23,1015.07
1991-10-24,1007.94
1991-10-25,1003.04
1991-10-28,1018.74
1991-10-29,1020.27
1991-10-30,1020.12
1991-10-31,1021.14
1991-11-01,1012.77
1991-11-04,1006.92
1991-11-05,1011.86
1991-11-06,1006.47
1991-11-07,1011.27
1991-11-08,1022.25
1991-11-11,1022.56
1991-11-12,1030.5
1991-11-13,1026.92
1991-11-14,1029.78
1991-11-15,1026.51
1991-11-18,1004.17
1991-11-19,991.77
1991-11-20,995.51
1991-11-21,991.15
1991-11-22,987.99
1991-11-25,985.03
1991-11-26,988.53
1991-11-27,984.55
1991-11-28,981.66
1991-11-29,983.38
1991-12-02,974.38
1991-12-03,979.1
1991-12-04,979.05
1991-12-05,975.9
1991-12-06,967.57
1991-12-09,967.88
1991-12-10,959.44
1991-12-11,960.15
1991-12-12,972.5
1991-12-13,984.19
1991-12-16,981.57
1991-12-17,979.83
1991-12-18,983.24
1991-12-19,972.61
1991-12-20,957.3
1991-12-23,957.45
1991-12-24,970.61
1991-12-25,970.61
1991-12-26,969.99
1991-12-27,981.51
1991-12-30,985.41
1991-12-31,1000.0
1992-01-01,
1992-01-02,1003.241019
1992-01-03,1000.39
1992-01-06,1009.83
1992-01-07,1007.73
1992-01-08,994.25
1992-01-09,996.31
1992-01-10,1005.39
1992-01-13,1010.0
1992-01-14,1016.77
1992-01-15,1032.6
1992-01-16,1031.92
1992-01-17,1025.88
1992-01-20,1032.24
1992-01-21,1034.01
1992-01-22,1025.7
1992-01-23,1020.97
1992-01-24,1019.0
1992-01-27,1038.95
1992-01-28,1038.01
1992-01-29,1036.81
1992-01-30,1038.35
1992-01-31,1035.712186
1992-02-03,1043.53
1992-02-04,1031.57
1992-02-05,1042.9
1992-02-06,1037.34
1992-02-07,1042.19
1992-02-10,1027.93
1992-02-11,1031.81
1992-02-12,1030.04
1992-02-13,1032.4
1992-02-14,1031.81
1992-02-17,1035.25
1992-02-18,1047.86
1992-02-19,1038.55
1992-02-20,1044.27
1992-02-21,1042.28
1992-02-24,1051.18
1992-02-25,1038.75
1992-02-26,1056.39
1992-02-27,1057.0
1992-02-28,1050.051708
1992-03-02,1052.3
1992-03-03,1055.34
1992-03-04,1058.97
1992-03-05,1050.85
1992-03-06,1048.79
1992-03-09,1052.25
1992-03-10,1056.69
1992-03-11,1044.71
1992-03-12,1036.87
1992-03-13,1029.13
1992-03-16,1030.61
1992-03-17,1034.6
1992-03-18,1028.16
1992-03-19,1025.34
1992-03-20,1033.1
1992-03-23,1022.67
1992-03-24,1025.73
1992-03-25,1027.1
1992-03-26,1030.63
1992-03-27,1022.75
1992-03-30,1026.23
1992-03-31,1020.688284
1992-04-01,1013.48
1992-04-02,1011.65
1992-04-03,1007.77
1992-04-06,1015.64
1992-04-07,1019.07
1992-04-08,1003.84
1992-04-09,1014.25
1992-04-10,1049.17
1992-04-13,1051.0
1992-04-14,1051.76
1992-04-15,1070.69
1992-04-16,1055.33
1992-04-17,1054.81
1992-04-20,1071.45
1992-04-21,1065.39
1992-04-22,1062.6
1992-04-23,1061.75
1992-04-24,1065.85
1992-04-27,1072.25
1992-04-28,1072.57
1992-04-29,1075.93
1992-04-30,1076.594583
1992-05-01,1073.67
1992-05-04,1071.48
1992-05-05,1078.18
1992-05-06,1085.33
1992-05-07,1089.28
1992-05-08,1097.61
1992-05-11,1100.78
1992-05-12,1093.46
1992-05-13,1090.63
1992-05-14,1079.54
1992-05-15,1085.69
1992-05-18,1085.6
1992-05-19,1087.24
1992-05-20,1091.19
1992-05-21,1091.47
1992-05-22,1102.69
1992-05-25,1106.26
1992-05-26,1098.79
1992-05-27,1096.11
1992-05-28,1095.65
1992-05-29,1102.18834
1992-06-01,1099.9
1992-06-02,1096.38
1992-06-03,1092.03
1992-06-04,1091.83
1992-06-05,1087.06
1992-06-08,1083.82
1992-06-09,1074.62
1992-06-10,1078.18
1992-06-11,1068.98
1992-06-12,1069.77
1992-06-15,1065.58
1992-06-16,1072.4
1992-06-17,1067.57
1992-06-18,1055.87
1992-06-19,1057.79
1992-06-22,1050.01
1992-06-23,1051.45
1992-06-24,1045.77
1992-06-25,1045.97
1992-06-26,1043.36
1992-06-29,1031.53
1992-06-30,1036.577464
1992-07-01,1026.38
1992-07-02,1032.81
1992-07-03,1036.33
1992-07-06,1026.65
1992-07-07,1030.77
1992-07-08,1025.36
1992-07-09,1037.3
1992-07-10,1040.84
1992-07-13,1022.91
1992-07-14,1023.8
1992-07-15,1021.4
1992-07-16,1030.74
1992-07-17,1007.81
1992-07-20,986.15
1992-07-21,990.97
1992-07-22,984.66
1992-07-23,985.14
1992-07-24,975.27
1992-07-27,975.11
1992-07-28,979.39
1992-07-29,992.34
1992-07-30,996.33
1992-07-31,990.437016
1992-08-03,989.77
1992-08-04,987.99
1992-08-05,984.36
1992-08-06,987.83
1992-08-07,976.61
1992-08-10,969.11
1992-08-11,959.15
1992-08-12,954.4
1992-08-13,951.14
1992-08-14,966.15
1992-08-17,970.34
1992-08-18,963.13
1992-08-19,967.09
1992-08-20,965.56
1992-08-21,976.79
1992-08-24,948.68
1992-08-25,939.76
1992-08-26,938.98
1992-08-27,950.7
1992-08-28,951.57
1992-08-31,957.995323
1992-09-01,951.17
1992-09-02,952.95
1992-09-03,976.7
1992-09-04,975.96
1992-09-07,974.56
1992-09-08,966.8
1992-09-09,963.17
1992-09-10,963.6
1992-09-11,977.83
1992-09-14,1012.43
1992-09-15,994.71
1992-09-16,1019.23
1992-09-17,1008.63
1992-09-18,1042.02
1992-09-21,1014.25
1992-09-22,1029.02
1992-09-23,1018.69
1992-09-24,1027.2
1992-09-25,1017.47
1992-09-28,987.81
1992-09-29,989.66
1992-09-30,984.901688
1992-10-01,975.31
1992-10-02,983.17
1992-10-05,925.95
1992-10-06,944.62
1992-10-07,951.5
1992-10-08,963.52
1992-10-09,975.85
1992-10-12,983.19
1992-10-13,991.46
1992-10-14,983.15
1992-10-15,967.34
1992-10-16,968.45
1992-10-19,960.07
1992-10-20,991.35
1992-10-21,972.61
1992-10-22,992.11
1992-10-23,1008.62
1992-10-26,1001.42
1992-10-27,996.61
1992-10-28,989.73
1992-10-29,986.42
1992-10-30,986.09188
1992-11-02,992.41
1992-11-03,1001.19
1992-11-04,999.94
1992-11-05,1001.16
1992-11-06,998.4
1992-11-09,1000.72
1992-11-10,1011.91
1992-11-11,1008.77
1992-11-12,1012.64
1992-11-13,1015.54
1992-11-16,1009.9
1992-11-17,1009.57
1992-11-18,1015.28
1992-11-19,1010.89
1992-11-20,1007.76
1992-11-23,1013.39
1992-11-24,1016.11
1992-11-25,1009.92
1992-11-26,1012.67
1992-11-27,1024.44
1992-11-30,1027.257968
1992-12-01,1034.74
1992-12-02,1029.04
1992-12-03,1033.98
1992-12-04,1033.93
1992-12-07,1039.53
1992-12-08,1034.14
1992-12-09,1025.32
1992-12-10,1013.84
1992-12-11,1013.06
1992-12-14,1012.98
1992-12-15,1012.79
1992-12-16,1005.43
1992-12-17,1017.42
1992-12-18,1030.57
1992-12-21,1039.29
1992-12-22,1046.0
1992-12-23,1044.67
1992-12-24,1048.03
1992-12-25,1048.44
1992-12-28,1039.01
1992-12-29,1060.72
1992-12-30,1056.05
1992-12-31,1057.56474
1993-01-01,
1993-01-04,1058.85
1993-01-05,1071.82
1993-01-06,1068.37
1993-01-07,1056.68
1993-01-08,1049.85
1993-01-11,1038.98
1993-01-12,1036.26
1993-01-13,1034.23
1993-01-14,1035.55
1993-01-15,1044.9
1993-01-18,1049.94
1993-01-19,1042.64
1993-01-20,1042.97
1993-01-21,1045.35
1993-01-22,1044.51
1993-01-25,1035.36
1993-01-26,1045.36
1993-01-27,1037.29
1993-01-28,1038.95
1993-01-29,1039.755396
1993-02-01,1050.25
1993-02-02,1046.42
1993-02-03,1063.49
1993-02-04,1070.1
1993-02-05,1080.12
1993-02-08,1081.57
1993-02-09,1069.84
1993-02-10,1066.56
1993-02-11,1071.4
1993-02-12,1071.28
1993-02-15,1078.01
1993-02-16,1069.12
1993-02-17,1065.06
1993-02-18,1076.94
1993-02-19,1080.41
1993-02-22,1083.19
1993-02-23,1072.82
1993-02-24,1065.63
1993-02-25,1072.85
1993-02-26,1090.155853
1993-03-01,1105.35
1993-03-02,1103.66
1993-03-03,1115.42
1993-03-04,1110.24
1993-03-05,1117.81
1993-03-08,1123.65
1993-03-09,1122.11
1993-03-10,1125.72
1993-03-11,1125.13
1993-03-12,1115.01
1993-03-15,1116.3
1993-03-16,1119.55
1993-03-17,1113.1
1993-03-18,1117.99
1993-03-19,1123.66
1993-03-22,1106.73
1993-03-23,1103.98
1993-03-24,1105.51
1993-03-25,1109.98
1993-03-26,1113.67
1993-03-29,1117.63
1993-03-30,1121.27
1993-03-31,1129.454459
1993-04-01,1123.42
1993-04-02,1116.69
1993-04-05,1107.82
1993-04-06,1111.1
1993-04-07,1110.39
1993-04-08,1114.63
1993-04-09,1112.2
1993-04-12,1113.91
1993-04-13,1123.04
1993-04-14,1121.75
1993-04-15,1120.58
1993-04-16,1117.42
1993-04-19,1120.56
1993-04-20,1124.16
1993-04-21,1121.49
1993-04-22,1127.94
1993-04-23,1119.48
1993-04-26,1112.03
1993-04-27,1115.45
1993-04-28,1106.85
1993-04-29,1100.46
1993-04-30,1108.225415
1993-05-03,1108.47
1993-05-04,1109.43
1993-05-05,1107.21
1993-05-06,1106.69
1993-05-07,1102.55
1993-05-10,1105.81
1993-05-11,1109.35
1993-05-12,1115.31
1993-05-13,1121.53
1993-05-14,1118.91
1993-05-17,1118.55
1993-05-18,1120.1
1993-05-19,1117.63
1993-05-20,1116.65
1993-05-21,1112.57
1993-05-24,1119.99
1993-05-25,1127.68
1993-05-26,1128.94
1993-05-27,1129.72
1993-05-28,1122.63
1993-05-31,1122.360356
1993-06-01,1116.96
1993-06-02,1119.69
1993-06-03,1121.12
1993-06-04,1112.71
1993-06-07,1118.52
1993-06-08,1119.33
1993-06-09,1130.71
1993-06-10,1134.56
1993-06-11,1137.11
1993-06-14,1142.75
1993-06-15,1135.39
1993-06-16,1139.24
1993-06-17,1142.65
1993-06-18,1147.23
1993-06-21,1154.62
1993-06-22,1163.94
1993-06-23,1152.1
1993-06-24,1151.73
1993-06-25,1153.99
1993-06-28,1163.94
1993-06-29,1162.64
1993-06-30,1164.871748
1993-07-01,1165.29
1993-07-02,1152.0
1993-07-05,1148.94
1993-07-06,1153.39
1993-07-07,1152.83
1993-07-08,1169.06
1993-07-09,1172.26
1993-07-12,1174.19
1993-07-13,1176.17
1993-07-14,1176.96
1993-07-15,1180.44
1993-07-16,1174.71
1993-07-19,1177.06
1993-07-20,1172.45
1993-07-21,1164.69
1993-07-22,1171.59
1993-07-23,1179.0
1993-07-26,1186.37
1993-07-27,1189.14
1993-07-28,1189.15
1993-07-29,1202.83
1993-07-30,1225.389122
1993-08-02,1232.85
1993-08-03,1224.36
1993-08-04,1223.43
1993-08-05,1222.1
1993-08-06,1223.62
1993-08-09,1239.24
1993-08-10,1228.85
1993-08-11,1247.14
1993-08-12,1240.15
1993-08-13,1240.86
1993-08-16,1245.75
1993-08-17,1249.52
1993-08-18,1275.58
1993-08-19,1276.87
1993-08-20,1265.72
1993-08-23,1259.18
1993-08-24,1260.06
1993-08-25,1275.04
1993-08-26,1277.16
1993-08-27,1281.7
1993-08-30,1287.13
1993-08-31,1288.589982
1993-09-01,1280.65
1993-09-02,1277.6
1993-09-03,1276.32
1993-09-06,1265.73
1993-09-07,1261.03
1993-09-08,1257.21
1993-09-09,1254.59
1993-09-10,1251.23
1993-09-13,1247.37
1993-09-14,1254.18
1993-09-15,1235.72
1993-09-16,1234.49
1993-09-17,1245.15
1993-09-20,1254.09
1993-09-21,1250.5
1993-09-22,1247.33
1993-09-23,1249.03
1993-09-24,1248.08
1993-09-27,1262.7
1993-09-28,1261.71
1993-09-29,1258.13
1993-09-30,1264.445086
1993-10-01,1267.49
1993-10-04,1275.12
1993-10-05,1289.73
1993-10-06,1300.03
1993-10-07,1297.93
1993-10-08,1314.17
1993-10-11,1297.34
1993-10-12,1292.29
1993-10-13,1292.46
1993-10-14,1295.99
1993-10-15,1309.14
1993-10-18,1319.38
1993-10-19,1317.29
1993-10-20,1326.9
1993-10-21,1340.18
1993-10-22,1346.61
1993-10-25,1349.4
1993-10-26,1339.82
1993-10-27,1331.53
1993-10-28,1338.9
1993-10-29,1344.310869
1993-11-01,1347.68
1993-11-02,1349.35
1993-11-03,1347.4
1993-11-04,1336.83
1993-11-05,1306.14
1993-11-08,1305.33
1993-11-09,1314.29
1993-11-10,1311.07
1993-11-11,1310.44
1993-11-12,1313.66
1993-11-15,1321.27
1993-11-16,1320.79
1993-11-17,1327.52
1993-11-18,1334.03
1993-11-19,1326.82
1993-11-22,1300.65
1993-11-23,1298.98
1993-11-24,1300.52
1993-11-25,1313.7
1993-11-26,1318.97
1993-11-29,1323.83
1993-11-30,1332.153019
1993-12-01,1354.12
1993-12-02,1360.36
1993-12-03,1366.57
1993-12-06,1367.92
1993-12-07,1367.66
1993-12-08,1379.0
1993-12-09,1382.82
1993-12-10,1369.38
1993-12-13,1372.72
1993-12-14,1364.65
1993-12-15,1362.34
1993-12-16,1372.57
1993-12-17,1381.65
1993-12-20,1394.55
1993-12-21,1394.59
1993-12-22,1403.05
1993-12-23,1416.68
1993-12-24,1419.85
1993-12-27,1426.8
1993-12-28,1422.04
1993-12-29,1425.37
1993-12-30,1428.79
1993-12-31,1429.095099
1994-01-03,1431.5
1994-01-04,1426.87
1994-01-05,1415.52
1994-01-06,1424.38
1994-01-07,1434.72
1994-01-10,1435.49
1994-01-11,1431.69
1994-01-12,1415.15
1994-01-13,1401.78
1994-01-14,1411.21
1994-01-17,1413.25
1994-01-18,1419.89
1994-01-19,1429.69
1994-01-20,1425.37
1994-01-21,1423.13
1994-01-24,1424.3
1994-01-25,1421.98
1994-01-26,1425.44
1994-01-27,1424.45
1994-01-28,1439.96
1994-01-31,1463.325192
1994-02-01,1453.53
1994-02-02,1460.55
1994-02-03,1448.4
1994-02-04,1443.64
1994-02-07,1420.9
1994-02-08,1429.76
1994-02-09,1420.74
1994-02-10,1416.65
1994-02-11,1406.18
1994-02-14,1399.7
1994-02-15,1407.4
1994-02-16,1417.65
1994-02-17,1421.9
1994-02-18,1411.03
1994-02-21,1396.32
1994-02-22,1391.04
1994-02-23,1400.45
1994-02-24,1370.97
1994-02-25,1365.59
1994-02-28,1375.291494
1994-03-01,1356.18
1994-03-02,1336.43
1994-03-03,1346.34
1994-03-04,1361.82
1994-03-07,1381.3
1994-03-08,1370.95
1994-03-09,1358.92
1994-03-10,1357.98
1994-03-11,1343.28
1994-03-14,1364.67
1994-03-15,1380.52
1994-03-16,1374.17
1994-03-17,1376.94
1994-03-18,1365.83
1994-03-21,1354.6
1994-03-22,1353.57
1994-03-23,1350.95
1994-03-24,1335.03
1994-03-25,1326.18
1994-03-28,1336.48
1994-03-29,1327.76
1994-03-30,1313.48
1994-03-31,1307.610711
1994-04-01,1312.12
1994-04-04,1308.63
1994-04-05,1322.5
1994-04-06,1342.22
1994-04-07,1348.8
1994-04-08,1352.67
1994-04-11,1364.67
1994-04-12,1369.35
1994-04-13,1360.75
1994-04-14,1352.62
1994-04-15,1362.59
1994-04-18,1356.41
1994-04-19,1341.75
1994-04-20,1337.25
1994-04-21,1333.81
1994-04-22,1351.36
1994-04-25,1338.41
1994-04-26,1355.9
1994-04-27,1364.18
1994-04-28,1354.84
1994-04-29,1350.290611
1994-05-02,1351.28
1994-05-03,1340.99
1994-05-04,1330.15
1994-05-05,1335.95
1994-05-06,1338.53
1994-05-09,1323.91
1994-05-10,1340.54
1994-05-11,1341.85
1994-05-12,1347.35
1994-05-13,1350.25
1994-05-16,1352.81
1994-05-17,1358.36
1994-05-18,1353.5
1994-05-19,1349.29
1994-05-20,1341.33
1994-05-23,1336.18
1994-05-24,1323.61
1994-05-25,1302.84
1994-05-26,1299.92
1994-05-27,1288.76
1994-05-30,1288.92
1994-05-31,1285.86661
1994-06-01,1278.83
1994-06-02,1290.61
1994-06-03,1302.82
1994-06-06,1315.04
1994-06-07,1309.44
1994-06-08,1318.41
1994-06-09,1310.4
1994-06-10,1316.69
1994-06-13,1297.55
1994-06-14,1296.45
1994-06-15,1291.19
1994-06-16,1280.55
1994-06-17,1273.07
1994-06-20,1236.86
1994-06-21,1227.21
1994-06-22,1240.94
1994-06-23,1252.91
1994-06-24,1232.55
1994-06-27,1227.84
1994-06-28,1237.92
1994-06-29,1249.14
1994-06-30,1236.041285
1994-07-01,1240.4
1994-07-04,1249.06
1994-07-05,1241.52
1994-07-06,1239.91
1994-07-07,1240.42
1994-07-08,1243.28
1994-07-11,1247.59
1994-07-12,1233.23
1994-07-13,1246.52
1994-07-14,1259.02
1994-07-15,1270.81
1994-07-18,1272.64
1994-07-19,1284.57
1994-07-20,1281.96
1994-07-21,1286.58
1994-07-22,1298.99
1994-07-25,1294.78
1994-07-26,1295.65
1994-07-27,1279.19
1994-07-28,1282.78
1994-07-29,1294.358611
1994-08-01,1299.22
1994-08-02,1321.92
1994-08-03,1322.94
1994-08-04,1319.21
1994-08-05,1320.25
1994-08-08,1320.97
1994-08-09,1310.81
1994-08-10,1301.97
1994-08-11,1301.28
1994-08-12,1287.36
1994-08-15,1287.26
1994-08-16,1292.12
1994-08-17,1302.48
1994-08-18,1296.36
1994-08-19,1294.55
1994-08-22,1284.89
1994-08-23,1290.25
1994-08-24,1304.95
1994-08-25,1317.03
1994-08-26,1332.9
1994-08-29,1345.3
1994-08-30,1339.04
1994-08-31,1342.861001
1994-09-01,1332.0
1994-09-02,1333.3
1994-09-05,1327.79
1994-09-06,1312.76
1994-09-07,1317.03
1994-09-08,1316.52
1994-09-09,1306.65
1994-09-12,1305.46
1994-09-13,1303.61
1994-09-14,1293.38
1994-09-15,1303.58
1994-09-16,1294.12
1994-09-19,1291.68
1994-09-20,1278.08
1994-09-21,1274.78
1994-09-22,1272.31
1994-09-23,1280.09
1994-09-26,1271.71
1994-09-27,1271.51
1994-09-28,1283.55
1994-09-29,1265.71
1994-09-30,1265.377898
1994-10-03,1251.59
1994-10-04,1255.69
1994-10-05,1235.92
1994-10-06,1244.12
1994-10-07,1246.48
1994-10-10,1269.34
1994-10-11,1287.69
1994-10-12,1291.48
1994-10-13,1304.67
1994-10-14,1300.05
1994-10-17,1295.44
1994-10-18,1283.63
1994-10-19,1275.04
1994-10-20,1278.98
1994-10-21,1262.76
1994-10-24,1264.4
1994-10-25,1250.98
1994-10-26,1254.62
1994-10-27,1259.62
1994-10-28,1282.68
1994-10-31,1297.591887
1994-11-01,1292.62
1994-11-02,1284.69
1994-11-03,1294.08
1994-11-04,1292.74
1994-11-07,1277.97
1994-11-08,1280.82
1994-11-09,1302.1
1994-11-10,1299.67
1994-11-11,1292.43
1994-11-14,1299.68
1994-11-15,1312.53
1994-11-16,1311.79
1994-11-17,1304.58
1994-11-18,1302.74
1994-11-21,1303.81
1994-11-22,1283.95
1994-11-23,1263.08
1994-11-24,1274.92
1994-11-25,1275.42
1994-11-28,1281.88
1994-11-29,1284.49
1994-11-30,1295.050622
1994-12-01,1288.33
1994-12-02,1286.39
1994-12-05,1293.82
1994-12-06,1283.77
1994-12-07,1283.39
1994-12-08,1284.1
1994-12-09,1270.9
1994-12-12,1259.98
1994-12-13,1259.9
1994-12-14,1270.97
1994-12-15,1276.88
1994-12-16,1285.69
1994-12-19,1289.3
1994-12-20,1296.49
1994-12-21,1303.99
1994-12-22,1310.04
1994-12-23,1310.62
1994-12-26,1311.46
1994-12-27,1315.83
1994-12-28,1316.92
1994-12-29,1293.55
1994-12-30,1298.784382
1995-01-02,1295.73
1995-01-03,1295.43
1995-01-04,1296.16
1995-01-05,1287.48
1995-01-06,1293.91
1995-01-09,1287.52
1995-01-10,1287.07
1995-01-11,1282.62
1995-01-12,1285.29
1995-01-13,1287.53
1995-01-16,1300.27
1995-01-17,1292.91
1995-01-18,1292.9
1995-01-19,1290.72
1995-01-20,1276.06
1995-01-23,1258.3
1995-01-24,1262.51
1995-01-25,1262.56
1995-01-26,1275.02
1995-01-27,1277.78
1995-01-30,1272.56
1995-01-31,1268.390638
1995-02-01,1284.07
1995-02-02,1286.92
1995-02-03,1296.26
1995-02-06,1305.01
1995-02-07,1304.95
1995-02-08,1299.73
1995-02-09,1309.09
1995-02-10,1312.65
1995-02-13,1304.56
1995-02-14,1301.32
1995-02-15,1302.2
1995-02-16,1290.06
1995-02-17,1286.07
1995-02-20,1274.95
1995-02-21,1278.55
1995-02-22,1275.52
1995-02-23,1285.83
1995-02-24,1280.71
1995-02-27,1272.53
1995-02-28,1269.127083
1995-03-01,1281.36
1995-03-02,1284.0
1995-03-03,1277.95
1995-03-06,1263.41
1995-03-07,1258.76
1995-03-08,1246.78
1995-03-09,1240.56
1995-03-10,1249.41
1995-03-13,1245.0
1995-03-14,1257.48
1995-03-15,1255.27
1995-03-16,1261.42
1995-03-17,1271.72
1995-03-20,1274.35
1995-03-21,1277.84
1995-03-22,1281.71
1995-03-23,1267.54
1995-03-24,1277.18
1995-03-27,1281.28
1995-03-28,1270.2
1995-03-29,1272.02
1995-03-30,1292.98
1995-03-31,1279.407436
1995-04-03,1279.06
1995-04-04,1292.16
1995-04-05,1293.41
1995-04-06,1296.22
1995-04-07,1293.67
1995-04-10,1295.06
1995-04-11,1291.95
1995-04-12,1296.38
1995-04-13,1293.69
1995-04-14,1294.92
1995-04-17,1294.57
1995-04-18,1285.29
1995-04-19,1285.13
1995-04-20,1290.99
1995-04-21,1302.82
1995-04-24,1300.57
1995-04-25,1308.13
1995-04-26,1317.52
1995-04-27,1319.47
1995-04-28,1316.23768
1995-05-01,1325.2
1995-05-02,1336.44
1995-05-03,1339.51
1995-05-04,1343.47
1995-05-05,1335.25
1995-05-08,1332.57
1995-05-09,1334.01
1995-05-10,1340.6
1995-05-11,1354.8
1995-05-12,1361.75
1995-05-15,1355.71
1995-05-16,1362.43
1995-05-17,1363.71
1995-05-18,1355.68
1995-05-19,1338.86
1995-05-22,1351.79
1995-05-23,1352.69
1995-05-24,1366.22
1995-05-25,1363.24
1995-05-26,1339.56
1995-05-29,1337.75
1995-05-30,1345.23
1995-05-31,1350.121227
1995-06-01,1367.21
1995-06-02,1366.45
1995-06-05,1371.47
1995-06-06,1371.95
1995-06-07,1372.32
1995-06-08,1369.99
1995-06-09,1356.48
1995-06-12,1358.88
1995-06-13,1358.22
1995-06-14,1357.91
1995-06-15,1363.52
1995-06-16,1358.39
1995-06-19,1367.95
1995-06-20,1365.51
1995-06-21,1365.88
1995-06-22,1379.84
1995-06-23,1374.97
1995-06-26,1360.95
1995-06-27,1356.77
1995-06-28,1343.39
1995-06-29,1347.18
1995-06-30,1343.593761
1995-07-03,1351.42
1995-07-04,1364.67
1995-07-05,1366.45
1995-07-06,1364.69
1995-07-07,1389.85
1995-07-10,1394.38
1995-07-11,1397.05
1995-07-12,1401.05
1995-07-13,1399.4
1995-07-14,1388.82
1995-07-17,1396.3
1995-07-18,1392.95
1995-07-19,1379.12
1995-07-20,1375.58
1995-07-21,1379.2
1995-07-24,1390.65
1995-07-25,1399.07
1995-07-26,1400.17
1995-07-27,1400.57
1995-07-28,1398.12
1995-07-31,1393.564273
1995-08-01,1392.44
1995-08-02,1414.37
1995-08-03,1403.28
1995-08-04,1406.94
1995-08-07,1407.86
1995-08-08,1405.5
1995-08-09,1399.51
1995-08-10,1405.8
1995-08-11,1404.34
1995-08-14,1394.37
1995-08-15,1406.93
1995-08-16,1411.54
1995-08-17,1415.04
1995-08-18,1424.74
1995-08-21,1434.67
1995-08-22,1430.71
1995-08-23,1429.34
1995-08-24,1426.85
1995-08-25,1428.12
1995-08-28,1421.56
1995-08-29,1416.85
1995-08-30,1420.82
1995-08-31,1414.671613
1995-09-01,1419.32
1995-09-04,1430.04
1995-09-05,1435.81
1995-09-06,1445.69
1995-09-07,1443.11
1995-09-08,1445.25
1995-09-11,1443.23
1995-09-12,1446.08
1995-09-13,1462.17
1995-09-14,1461.25
1995-09-15,1465.71
1995-09-18,1451.32
1995-09-19,1461.28
1995-09-20,1462.51
1995-09-21,1463.45
1995-09-22,1433.04
1995-09-25,1433.4
1995-09-26,1441.07
1995-09-27,1426.26
1995-09-28,1420.35
1995-09-29,1434.578552
1995-10-02,1439.8
1995-10-03,1442.71
1995-10-04,1447.77
1995-10-05,1449.25
1995-10-06,1441.64
1995-10-09,1433.69
1995-10-10,1415.68
1995-10-11,1423.74
1995-10-12,1432.78
1995-10-13,1445.93
1995-10-16,1441.14
1995-10-17,1442.24
1995-10-18,1448.91
1995-10-19,1441.4
1995-10-20,1428.46
1995-10-23,1412.08
1995-10-24,1418.23
1995-10-25,1426.42
1995-10-26,1419.17
1995-10-27,1402.1
1995-10-30,1420.57
1995-10-31,1435.198477
1995-11-01,1438.21
1995-11-02,1445.33
1995-11-03,1445.29
1995-11-06,1440.47
1995-11-07,1445.87
1995-11-08,1447.44
1995-11-09,1455.6
1995-11-10,1447.02
1995-11-13,1444.25
1995-11-14,1448.99
1995-11-15,1451.27
1995-11-16,1464.03
1995-11-17,1462.93
1995-11-20,1474.15
1995-11-21,1472.19
1995-11-22,1477.57
1995-11-23,1471.75
1995-11-24,1479.25
1995-11-27,1491.4
1995-11-28,1483.69
1995-11-29,1485.01
1995-11-30,1488.638027
1995-12-01,1493.84
1995-12-04,1488.14
1995-12-05,1494.31
1995-12-06,1501.15
1995-12-07,1493.46
1995-12-08,1496.02
1995-12-11,1503.62
1995-12-12,1512.43
1995-12-13,1513.13
1995-12-14,1520.82
1995-12-15,1512.19
1995-12-18,1499.52
1995-12-19,1490.85
1995-12-20,1504.14
1995-12-21,1512.34
1995-12-22,1526.05
1995-12-25,1527.79
1995-12-26,1534.93
1995-12-27,1536.3
1995-12-28,1535.36
1995-12-29,1538.227731
1996-01-01,
1996-01-02,1543.33
1996-01-03,1560.43
1996-01-04,1554.26
1996-01-05,1544.42
1996-01-08,1546.01
1996-01-09,1543.25
1996-01-10,1528.58
1996-01-11,1520.29
1996-01-12,1539.37
1996-01-15,1536.58
1996-01-16,1554.6
1996-01-17,1553.22
1996-01-18,1564.53
1996-01-19,1570.28
1996-01-22,1569.74
1996-01-23,1562.96
1996-01-24,1578.52
1996-01-25,1579.5
1996-01-26,1582.0
1996-01-29,1580.47
1996-01-30,1581.88
1996-01-31,1590.700701
1996-02-01,1593.38
1996-02-02,1600.88
1996-02-05,1583.73
1996-02-06,1589.24
1996-02-07,1584.23
1996-02-08,1577.21
1996-02-09,1576.82
1996-02-12,1583.01
1996-02-13,1595.29
1996-02-14,1593.11
1996-02-15,1591.99
1996-02-16,1590.67
1996-02-19,1573.41
1996-02-20,1556.23
1996-02-21,1562.49
1996-02-22,1575.65
1996-02-23,1585.66
1996-02-26,1571.55
1996-02-27,1572.6
1996-02-28,1588.55
1996-02-29,1589.785753
1996-03-01,1601.94
1996-03-04,1605.16
1996-03-05,1592.04
1996-03-06,1587.46
1996-03-07,1587.28
1996-03-08,1571.76
1996-03-11,1553.21
1996-03-12,1552.11
1996-03-13,1553.02
1996-03-14,1566.88
1996-03-15,1559.34
1996-03-18,1575.98
1996-03-19,1588.32
1996-03-20,1586.85
1996-03-21,1589.88
1996-03-22,1590.68
1996-03-25,1583.56
1996-03-26,1581.11
1996-03-27,1589.73
1996-03-28,1581.21
1996-03-29,1591.053883
1996-04-01,1598.0
1996-04-02,1594.8
1996-04-03,1592.97
1996-04-04,1600.57
1996-04-05,1599.96
1996-04-08,1601.07
1996-04-09,1602.89
1996-04-10,1608.02
1996-04-11,1599.0
1996-04-12,1599.99
1996-04-15,1610.93
1996-04-16,1617.65
1996-04-17,1605.8
1996-04-18,1612.47
1996-04-19,1625.46
1996-04-22,1634.19
1996-04-23,1630.51
1996-04-24,1627.16
1996-04-25,1632.35
1996-04-26,1636.25
1996-04-29,1626.27
1996-04-30,1630.729753
1996-05-01,1629.02
1996-05-02,1626.62
1996-05-03,1609.03
1996-05-06,1612.59
1996-05-07,1605.24
1996-05-08,1598.58
1996-05-09,1605.61
1996-05-10,1615.09
1996-05-13,1610.06
1996-05-14,1623.07
1996-05-15,1632.19
1996-05-16,1628.24
1996-05-17,1628.5
1996-05-20,1632.12
1996-05-21,1638.0
1996-05-22,1624.73
1996-05-23,1624.24
1996-05-24,1623.57
1996-05-27,1623.2
1996-05-28,1630.97
1996-05-29,1632.04
1996-05-30,1620.78
1996-05-31,1626.68012
1996-06-03,1620.92
1996-06-04,1628.81
1996-06-05,1633.06
1996-06-06,1628.33
1996-06-07,1613.88
1996-06-10,1624.1
1996-06-11,1630.28
1996-06-12,1633.93
1996-06-13,1627.83
1996-06-14,1620.13
1996-06-17,1621.76
1996-06-18,1624.54
1996-06-19,1617.32
1996-06-20,1608.4
1996-06-21,1607.41
1996-06-24,1611.09
1996-06-25,1610.84
1996-06-26,1615.79
1996-06-27,1607.5
1996-06-28,1621.988483
1996-07-01,1625.46
1996-07-02,1628.97
1996-07-03,1628.28
1996-07-04,1639.52
1996-07-05,1626.73
1996-07-08,1621.02
1996-07-09,1626.66
1996-07-10,1627.78
1996-07-11,1621.87
1996-07-12,1609.97
1996-07-15,1602.34
1996-07-16,1564.0
1996-07-17,1571.78
1996-07-18,1582.54
1996-07-19,1584.86
1996-07-22,1563.21
1996-07-23,1576.53
1996-07-24,1553.38
1996-07-25,1565.99
1996-07-26,1561.37
1996-07-29,1564.5
1996-07-30,1562.24
1996-07-31,1573.841975
1996-08-01,1583.63
1996-08-02,1600.43
1996-08-05,1605.98
1996-08-06,1608.44
1996-08-07,1614.38
1996-08-08,1613.49
1996-08-09,1607.81
1996-08-12,1602.28
1996-08-13,1607.11
1996-08-14,1609.77
1996-08-15,1611.5
1996-08-16,1622.4
1996-08-19,1619.67
1996-08-20,1632.85
1996-08-21,1623.88
1996-08-22,1637.47
1996-08-23,1636.12
1996-08-26,1631.0
1996-08-27,1631.07
1996-08-28,1634.4
1996-08-29,1620.3
1996-08-30,1608.979265
1996-09-02,1613.21
1996-09-03,1604.9
1996-09-04,1611.16
1996-09-05,1614.99
1996-09-06,1613.92
1996-09-09,1630.63
1996-09-10,1639.26
1996-09-11,1635.34
1996-09-12,1645.31
1996-09-13,1664.41
1996-09-16,1668.46
1996-09-17,1663.35
1996-09-18,1658.22
1996-09-19,1660.61
1996-09-20,1662.92
1996-09-23,1647.27
1996-09-24,1646.91
1996-09-25,1659.64
1996-09-26,1665.77
1996-09-27,1676.45
1996-09-30,1682.844921
1996-10-01,1690.27
1996-10-02,1704.32
1996-10-03,1702.97
1996-10-04,1711.0
1996-10-07,1712.25
1996-10-08,1714.06
1996-10-09,1708.0
1996-10-10,1701.26
1996-10-11,1708.27
1996-10-14,1714.78
1996-10-15,1730.88
1996-10-16,1717.35
1996-10-17,1723.24
1996-10-18,1737.2
1996-10-21,1737.11
1996-10-22,1741.29
1996-10-23,1721.21
1996-10-24,1712.42
1996-10-25,1718.82
1996-10-28,1726.78
1996-10-29,1703.48
1996-10-30,1699.77
1996-10-31,1703.854104
1996-11-01,1701.04
1996-11-04,1700.95
1996-11-05,1714.73
1996-11-06,1724.98
1996-11-07,1720.05
1996-11-08,1725.64
1996-11-11,1719.08
1996-11-12,1731.97
1996-11-13,1737.67
1996-11-14,1749.83
1996-11-15,1762.07
1996-11-18,1758.41
1996-11-19,1766.99
1996-11-20,1759.71
1996-11-21,1760.87
1996-11-22,1781.18
1996-11-25,1786.85
1996-11-26,1801.25
1996-11-27,1788.79
1996-11-28,1800.67
1996-11-29,1817.310674
1996-12-02,1820.02
1996-12-03,1821.77
1996-12-04,1811.09
1996-12-05,1812.59
1996-12-06,1770.44
1996-12-09,1799.14
1996-12-10,1806.25
1996-12-11,1776.44
1996-12-12,1781.13
1996-12-13,1764.63
1996-12-16,1789.79
1996-12-17,1778.17
1996-12-18,1800.34
1996-12-19,1818.82
1996-12-20,1832.82
1996-12-23,1833.96
1996-12-24,1833.82
1996-12-25,1831.23
1996-12-26,1833.77
1996-12-27,1845.17
1996-12-30,1856.45
1996-12-31,1850.102079
1997-01-01,
1997-01-02,1823.55
1997-01-03,1844.87
1997-01-06,1848.68
1997-01-07,1844.77
1997-01-08,1862.73
1997-01-09,1866.91
1997-01-10,1868.18
1997-01-13,1895.82
1997-01-14,1919.29
1997-01-15,1916.55
1997-01-16,1932.05
1997-01-17,1939.45
1997-01-20,1939.06
1997-01-21,1934.58
1997-01-22,1951.82
1997-01-23,1964.89
1997-01-24,1941.51
1997-01-27,1942.2
1997-01-28,1954.09
1997-01-29,1937.99
1997-01-30,1950.93
1997-01-31,1967.481023
1997-02-03,1973.44
1997-02-04,1977.51
1997-02-05,2005.92
1997-02-06,2006.39
1997-02-07,2021.95
1997-02-10,2033.02
1997-02-11,2037.58
1997-02-12,2050.12
1997-02-13,2055.96
1997-02-14,2066.32
1997-02-17,2077.76
1997-02-18,2073.92
1997-02-19,2079.1
1997-02-20,2063.93
1997-02-21,2053.75
1997-02-24,2046.24
1997-02-25,2067.72
1997-02-26,2065.47
1997-02-27,2071.61
1997-02-28,2050.977711
1997-03-03,2050.76
1997-03-04,2081.42
1997-03-05,2090.23
1997-03-06,2117.51
1997-03-07,2116.58
1997-03-10,2133.97
1997-03-11,2141.8
1997-03-12,2119.91
1997-03-13,2112.41
1997-03-14,2116.88
1997-03-17,2095.02
1997-03-18,2070.47
1997-03-19,2077.28
1997-03-20,2044.08
1997-03-21,2055.26
1997-03-24,2049.3
1997-03-25,2079.37
1997-03-26,2109.9
1997-03-27,2114.9
1997-03-28,2118.56
1997-03-31,2116.568822
1997-04-01,2052.43
1997-04-02,2046.83
1997-04-03,2023.3
1997-04-04,2028.63
1997-04-07,2065.37
1997-04-08,2067.46
1997-04-09,2087.63
1997-04-10,2086.32
1997-04-11,2078.47
1997-04-14,2062.64
1997-04-15,2100.92
1997-04-16,2106.18
1997-04-17,2119.29
1997-04-18,2114.32
1997-04-21,2119.92
1997-04-22,2122.82
1997-04-23,2141.95
1997-04-24,2149.99
1997-04-25,2140.86
1997-04-28,2135.1
1997-04-29,2164.19
1997-04-30,2179.406058
1997-05-01,2185.63
1997-05-02,2190.95
1997-05-05,2217.15
1997-05-06,2228.44
1997-05-07,2219.86
1997-05-08,2221.81
1997-05-09,2232.31
1997-05-12,2261.64
1997-05-13,2268.37
1997-05-14,2281.44
1997-05-15,2278.23
1997-05-16,2282.22
1997-05-19,2284.44
1997-05-20,2243.73
1997-05-21,2294.49
1997-05-22,2284.34
1997-05-23,2293.19
1997-05-26,2304.32
1997-05-27,2307.69
1997-05-28,2294.61
1997-05-29,2287.96
1997-05-30,2255.18522
1997-06-02,2276.88
1997-06-03,2287.31
1997-06-04,2294.06
1997-06-05,2302.49
1997-06-06,2325.98
1997-06-09,2340.17
1997-06-10,2349.34
1997-06-11,2348.61
1997-06-12,2377.06
1997-06-13,2400.52
1997-06-16,2393.73
1997-06-17,2375.51
1997-06-18,2383.14
1997-06-19,2398.16
1997-06-20,2405.55
1997-06-23,2404.24
1997-06-24,2410.15
1997-06-25,2445.47
1997-06-26,2456.74
1997-06-27,2454.12
1997-06-30,2425.075322
1997-07-01,2472.05
1997-07-02,2487.59
1997-07-03,2542.85
1997-07-04,2560.1
1997-07-07,2580.0
1997-07-08,2569.39
1997-07-09,2583.64
1997-07-10,2551.21
1997-07-11,2577.77
1997-07-14,2602.83
1997-07-15,2599.19
1997-07-16,2643.28
1997-07-17,2630.24
1997-07-18,2587.07
1997-07-21,2542.12
1997-07-22,2603.86
1997-07-23,2662.52
1997-07-24,2639.6
1997-07-25,2646.19
1997-07-28,2651.91
1997-07-29,2634.12
1997-07-30,2671.5
1997-07-31,2664.279394
1997-08-01,2667.05
1997-08-04,2634.69
1997-08-05,2656.26
1997-08-06,2696.62
1997-08-07,2719.92
1997-08-08,2670.91
1997-08-11,2657.54
1997-08-12,2669.58
1997-08-13,2596.07
1997-08-14,2577.42
1997-08-15,2516.62
1997-08-18,2512.04
1997-08-19,2564.17
1997-08-20,2605.97
1997-08-21,2597.39
1997-08-22,2535.84
1997-08-25,2532.7
1997-08-26,2486.64
1997-08-27,2494.94
1997-08-28,2461.77
1997-08-29,2444.205378
1997-09-01,2477.46
1997-09-02,2545.61
1997-09-03,2560.56
1997-09-04,2552.58
1997-09-05,2562.68
1997-09-08,2552.72
1997-09-09,2540.56
1997-09-10,2498.67
1997-09-11,2452.06
1997-09-12,2433.49
1997-09-15,2454.15
1997-09-16,2498.26
1997-09-17,2535.01
1997-09-18,2560.81
1997-09-19,2553.53
1997-09-22,2601.39
1997-09-23,2600.18
1997-09-24,2608.22
1997-09-25,2598.33
1997-09-26,2612.36
1997-09-29,2612.87
1997-09-30,2637.424641
1997-10-01,2674.02
1997-10-02,2675.34
1997-10-03,2699.38
1997-10-06,2692.04
1997-10-07,2684.32
1997-10-08,2670.26
1997-10-09,2603.32
1997-10-10,2591.12
1997-10-13,2636.62
1997-10-14,2640.92
1997-10-15,2626.97
1997-10-16,2615.2
1997-10-17,2591.42
1997-10-20,2589.43
1997-10-21,2636.19
1997-10-22,2623.51
1997-10-23,2524.29
1997-10-24,2535.31
1997-10-27,2456.68
1997-10-28,2334.84
1997-10-29,2460.45
1997-10-30,2412.84
1997-10-31,2430.466297
1997-11-03,2492.56
1997-11-04,2469.62
1997-11-05,2483.33
1997-11-06,2457.88
1997-11-07,2398.31
1997-11-10,2419.88
1997-11-11,2408.46
1997-11-12,2385.94
1997-11-13,2392.47
1997-11-14,2398.16
1997-11-17,2460.64
1997-11-18,2470.94
1997-11-19,2460.88
1997-11-20,2510.99
1997-11-21,2542.57
1997-11-24,2486.44
1997-11-25,2481.65
1997-11-26,2508.85
1997-11-27,2516.05
1997-11-28,2516.301241
1997-12-01,2563.95
1997-12-02,2574.33
1997-12-03,2561.25
1997-12-04,2586.72
1997-12-05,2603.71
1997-12-08,2634.03
1997-12-09,2629.3
1997-12-10,2586.48
1997-12-11,2531.09
1997-12-12,2541.78
1997-12-15,2546.16
1997-12-16,2597.2
1997-12-17,2616.89
1997-12-18,2601.14
1997-12-19,2540.7
1997-12-22,2541.32
1997-12-23,2544.92
1997-12-24,2545.64
1997-12-25,2544.38
1997-12-26,2545.65
1997-12-29,2608.35
1997-12-30,2630.21
1997-12-31,2633.634408
1998-01-01,
1998-01-02,2663.51
1998-01-05,2713.76
1998-01-06,2692.05
1998-01-07,2695.14
1998-01-08,2673.65
1998-01-09,2640.04
1998-01-12,2574.51
1998-01-13,2621.57
1998-01-14,2614.58
1998-01-15,2640.61
1998-01-16,2683.85
1998-01-19,2709.1
1998-01-20,2722.32
1998-01-21,2709.59
1998-01-22,2686.03
1998-01-23,2662.25
1998-01-26,2688.98
1998-01-27,2717.98
1998-01-28,2765.45
1998-01-29,2791.28
1998-01-30,2799.840343
1998-02-02,2849.23
1998-02-03,2856.02
1998-02-04,2847.59
1998-02-05,2855.06
1998-02-06,2869.38
1998-02-09,2862.39
1998-02-10,2857.77
1998-02-11,2888.0
1998-02-12,2855.48
1998-02-13,2878.47
1998-02-16,2898.94
1998-02-17,2944.13
1998-02-18,2949.3
1998-02-19,2936.2
1998-02-20,2937.94
1998-02-23,2936.04
1998-02-24,2917.93
1998-02-25,2982.82
1998-02-26,3000.35
1998-02-27,3001.926201
1998-03-02,3050.848171
1998-03-03,3035.1
1998-03-04,2991.4
1998-03-05,2972.24
1998-03-06,3033.41
1998-03-09,3054.57
1998-03-10,3063.43
1998-03-11,3077.44
1998-03-12,3065.96
1998-03-13,3087.76
1998-03-16,3105.39
1998-03-17,3134.12
1998-03-18,3121.39
1998-03-19,3146.79
1998-03-20,3174.96
1998-03-23,3209.33
1998-03-24,3231.13
1998-03-25,3253.08
1998-03-26,3206.11
1998-03-27,3221.62
1998-03-30,3215.32
1998-03-31,3229.28812
1998-04-01,3271.98
1998-04-02,3301.3
1998-04-03,3340.17
1998-04-06,3396.0
1998-04-07,3361.24
1998-04-08,3315.68
1998-04-09,3331.7
1998-04-10,
1998-04-13,
1998-04-14,3351.91
1998-04-15,3345.55
1998-04-16,3302.8
1998-04-17,3294.96
1998-04-20,3311.89
1998-04-21,3298.72
1998-04-22,3276.85
1998-04-23,3241.59
1998-04-24,3191.26
1998-04-27,3093.85
1998-04-28,3175.49
1998-04-29,3162.65
1998-04-30,3234.274015
1998-05-01,
1998-05-04,3320.83
1998-05-05,3279.45
1998-05-06,3285.73
1998-05-07,3234.62
1998-05-08,3261.91
1998-05-11,3322.24
1998-05-12,3291.93
1998-05-13,3301.94
1998-05-14,3298.97
1998-05-15,3291.24
1998-05-18,3231.71
1998-05-19,3289.62
1998-05-20,3316.15
1998-05-21,
1998-05-22,3329.88
1998-05-25,3369.4
1998-05-26,3388.92
1998-05-27,3326.79
1998-05-28,3314.41
1998-05-29,3322.08
1998-06-01,
1998-06-02,3332.28
1998-06-03,3344.9
1998-06-04,3327.96
1998-06-05,3379.58
1998-06-08,3420.66
1998-06-09,3403.99
1998-06-10,3406.4
1998-06-11,3359.35
1998-06-12,3282.64
1998-06-15,3238.98
1998-06-16,3252.86
1998-06-17,3326.35
1998-06-18,3293.52
1998-06-19,3259.88
1998-06-22,3263.98
1998-06-23,3323.31
1998-06-24,3346.84
1998-06-25,3397.15
1998-06-26,3407.76
1998-06-29,3440.0
1998-06-30,3417.884531446
1998-07-01,3475.12
1998-07-02,3482.12
1998-07-03,3513.92
1998-07-06,3528.51
1998-07-07,3517.41
1998-07-08,3544.6
1998-07-09,3534.83
1998-07-10,3517.18
1998-07-13,3524.15
1998-07-14,3562.1
1998-07-15,3587.32
1998-07-16,3585.75
1998-07-17,3632.13
1998-07-20,3646.04
1998-07-21,3628.75
1998-07-22,3561.79
1998-07-23,3567.55
1998-07-24,3551.31
1998-07-27,3486.46
1998-07-28,3478.86
1998-07-29,3488.33
1998-07-30,3535.41
1998-07-31,3486.9483370952
1998-08-03,3439.97
1998-08-04,3427.69
1998-08-05,3345.91
1998-08-06,3292.77
1998-08-07,3350.48
1998-08-10,3274.83
1998-08-11,3187.26
1998-08-12,3236.45
1998-08-13,3229.44
1998-08-14,3291.6
1998-08-17,3280.81
1998-08-18,3396.46
1998-08-19,3398.07
1998-08-20,3353.51
1998-08-21,3213.72
1998-08-24,3219.66
1998-08-25,3294.7
1998-08-26,3212.9
1998-08-27,3100.85
1998-08-28,3044.58
1998-08-31,3016.2228704366
1998-09-01,2976.17
1998-09-02,3053.52
1998-09-03,2975.02
1998-09-04,3009.66
1998-09-07,3069.99
1998-09-08,3118.87
1998-09-09,3061.69
1998-09-10,2914.0
1998-09-11,2900.26
1998-09-14,2989.4
1998-09-15,2966.3
1998-09-16,2996.97
1998-09-17,2864.21
1998-09-18,2821.3
1998-09-21,2709.98
1998-09-22,2782.61
1998-09-23,2871.56
1998-09-24,2824.8
1998-09-25,2777.2
1998-09-28,2812.17
1998-09-29,2788.52
1998-09-30,2709.6115828311
1998-10-01,2578.47
1998-10-02,2515.34
1998-10-05,2456.41
1998-10-06,2596.59
1998-10-07,2547.28
1998-10-08,2433.07
1998-10-09,2489.39
1998-10-12,2656.75
1998-10-13,2683.16
1998-10-14,2753.71
1998-10-15,2748.93
1998-10-16,2786.7
1998-10-19,2769.57
1998-10-20,2863.98
1998-10-21,2821.5
1998-10-22,2817.61
1998-10-23,2822.16
1998-10-26,2842.89
1998-10-27,2916.66
1998-10-28,2864.14
1998-10-29,2865.58
1998-10-30,2914.8726807926
1998-11-02,2977.5
1998-11-03,2972.82
1998-11-04,3051.54
1998-11-05,2984.6
1998-11-06,2990.18
1998-11-09,2980.49
1998-11-10,2949.31
1998-11-11,2970.94
1998-11-12,2975.98
1998-11-13,2975.51
1998-11-16,3034.8
1998-11-17,3028.94
1998-11-18,3029.54
1998-11-19,3109.46
1998-11-20,3184.31
1998-11-23,3260.49
1998-11-24,3223.2
1998-11-25,3201.3
1998-11-26,3257.91
1998-11-27,3294.38
1998-11-30,3203.0849284726
1998-12-01,3071.78
1998-12-02,3037.19
1998-12-03,3080.14
1998-12-04,3094.17
1998-12-07,3108.13
1998-12-08,3118.1
1998-12-09,3145.93
1998-12-10,3118.38
1998-12-11,3064.28
1998-12-14,3061.5
1998-12-15,3086.23
1998-12-16,3133.0
1998-12-17,3173.34
1998-12-18,3159.58
1998-12-21,3254.88
1998-12-22,3258.67
1998-12-23,3307.79
1998-12-24,
1998-12-25,
1998-12-28,3330.39
1998-12-29,3348.48
1998-12-30,3320.2485867961
1998-12-31,3320.25
1999-01-01,
1999-01-04,3474.14
1999-01-05,3535.3
1999-01-06,3615.93
1999-01-07,3566.02
1999-01-08,3569.24
1999-01-11,3504.2
1999-01-12,3468.15
1999-01-13,3315.62
1999-01-14,3314.27
1999-01-15,3379.27
1999-01-18,3462.86
1999-01-19,3456.53
1999-01-20,3522.99
1999-01-21,3469.93
1999-01-22,3360.24
1999-01-25,3375.6
1999-01-26,3368.69
1999-01-27,3370.01
1999-01-28,3416.27
1999-01-29,3446.2482559838
1999-02-01,3510.21
1999-02-02,3465.47
1999-02-03,3418.62
1999-02-04,3421.42
1999-02-05,3409.05
1999-02-08,3376.24
1999-02-09,3283.99
1999-02-10,3260.29
1999-02-11,3321.13
1999-02-12,3359.43
1999-02-15,3381.0
1999-02-16,3382.1
1999-02-17,3341.41
1999-02-18,3365.18
1999-02-19,3387.66
1999-02-22,3441.39
1999-02-23,3501.76
1999-02-24,3547.66
1999-02-25,3475.89
1999-02-26,3456.8514773514
1999-03-01,3416.8
1999-03-02,3430.42
1999-03-03,3396.27
1999-03-04,3441.05
1999-03-05,3527.35
1999-03-08,3496.29
1999-03-09,3509.96
1999-03-10,3497.91
1999-03-11,3565.6
1999-03-12,3577.81
1999-03-15,3565.22
1999-03-16,3580.77
1999-03-17,3558.57
1999-03-18,3538.27
1999-03-19,3583.47
1999-03-22,3561.42
1999-03-23,3489.16
1999-03-24,3441.36
1999-03-25,3495.59
1999-03-26,3483.15
1999-03-29,3545.29
1999-03-30,3530.73
1999-03-31,3566.5313879783
1999-04-01,3568.39
1999-04-02,
1999-04-05,
1999-04-06,3630.34
1999-04-07,3655.38
1999-04-08,3672.49
1999-04-09,3687.18
1999-04-12,3682.09
1999-04-13,3723.36
1999-04-14,3700.0
1999-04-15,3644.99
1999-04-16,3643.6
1999-04-19,3702.59
1999-04-20,3614.61
1999-04-21,3620.6
1999-04-22,3657.17
1999-04-23,3652.59
1999-04-26,3685.37
1999-04-27,3764.53
1999-04-28,3763.44
1999-04-29,3737.52
1999-04-30,3763.6654508361
1999-05-03,3783.0
1999-05-04,3777.25
1999-05-05,3700.4
1999-05-06,3690.39
1999-05-07,3663.61
1999-05-10,3662.52
1999-05-11,3675.88
1999-05-12,3658.53
1999-05-13,3686.2
1999-05-14,3623.35
1999-05-17,3549.33
1999-05-18,3574.99
1999-05-19,3624.4
1999-05-20,3678.15
1999-05-21,3684.5
1999-05-24,
1999-05-25,3599.75
1999-05-26,3615.65
1999-05-27,3569.46
1999-05-28,3582.83
1999-05-31,3607.7548246859
1999-06-01,3609.23
1999-06-02,3634.81
1999-06-03,3664.64
1999-06-04,3694.99
1999-06-07,3738.65
1999-06-08,3734.39
1999-06-09,3738.81
1999-06-10,3695.7
1999-06-11,3738.64
1999-06-14,3729.24
1999-06-15,3736.32
1999-06-16,3779.13
1999-06-17,3801.96
1999-06-18,3812.47
1999-06-21,3863.74
1999-06-22,3842.98
1999-06-23,3807.27
1999-06-24,3767.34
1999-06-25,3728.19
1999-06-28,3744.4
1999-06-29,3751.88
1999-06-30,3747.3818338484
1999-07-01,3847.63
1999-07-02,3867.41
1999-07-05,3944.72
1999-07-06,3934.64
1999-07-07,3901.68
1999-07-08,3894.12
1999-07-09,3894.07
1999-07-12,3904.31
1999-07-13,3843.39
1999-07-14,3861.94
1999-07-15,3905.92
1999-07-16,3890.06
1999-07-19,3882.54
1999-07-20,3784.72
1999-07-21,3727.21
1999-07-22,3695.28
1999-07-23,3656.61
1999-07-26,3616.81
1999-07-27,3649.66
1999-07-28,3659.32
1999-07-29,3556.5
1999-07-30,3623.9056053036
1999-08-02,3629.86
1999-08-03,3609.92
1999-08-04,3585.82
1999-08-05,3502.57
1999-08-06,3516.53
1999-08-09,3550.41
1999-08-10,3491.39
1999-08-11,3509.32
1999-08-12,3589.49
1999-08-13,3656.49
1999-08-16,3671.24
1999-08-17,3679.79
1999-08-18,3684.7
1999-08-19,3637.23
1999-08-20,3666.4
1999-08-23,3719.12
1999-08-24,3733.44
1999-08-25,3792.27
1999-08-26,3783.75
1999-08-27,3789.64
1999-08-30,3775.3985090168
1999-08-31,3699.76
1999-09-01,3724.82
1999-09-02,3651.47
1999-09-03,3744.2
1999-09-06,3777.54
1999-09-07,3759.54
1999-09-08,3744.02
1999-09-09,3779.12
1999-09-10,3787.67
1999-09-13,3741.96
1999-09-14,3710.14
1999-09-15,3700.92
1999-09-16,3668.3
1999-09-17,3659.62
1999-09-20,3698.19
1999-09-21,3649.14
1999-09-22,3635.37
1999-09-23,3690.26
1999-09-24,3647.32
1999-09-27,3706.31
1999-09-28,3638.5
1999-09-29,3627.12
1999-09-30,3629.6117485044
1999-10-01,3598.09
1999-10-04,3661.69
1999-10-05,3684.87
1999-10-06,3702.71
1999-10-07,3738.93
1999-10-08,3757.11
1999-10-11,3775.51
1999-10-12,3737.2
1999-10-13,3700.85
1999-10-14,3665.05
1999-10-15,3592.55
1999-10-18,3564.89
1999-10-19,3650.48
1999-10-20,3650.43
1999-10-21,3650.17
1999-10-22,3749.98
1999-10-25,3725.69
1999-10-26,3771.46
1999-10-27,3765.42
1999-10-28,3839.94
1999-10-29,3911.5159769038
1999-11-01,3914.97
1999-11-02,3904.1
1999-11-03,3930.84
1999-11-04,3957.29
1999-11-05,3970.83
1999-11-08,3996.84
1999-11-09,4026.28
1999-11-10,4054.34
1999-11-11,4124.85
1999-11-12,4111.33
1999-11-15,4162.92
1999-11-16,4188.78
1999-11-17,4184.68
1999-11-18,4237.83
1999-11-19,4221.23
1999-11-22,4163.96
1999-11-23,4191.98
1999-11-24,4203.87
1999-11-25,4320.0
1999-11-26,4348.17
1999-11-29,4345.27
1999-11-30,4281.4708274274
1999-12-01,4328.11
1999-12-02,4334.85
1999-12-03,4437.39
1999-12-06,4432.24
1999-12-07,4453.19
1999-12-08,4422.11
1999-12-09,4440.63
1999-12-10,4409.82
1999-12-13,4414.79
1999-12-14,4443.89
1999-12-15,4395.36
1999-12-16,4409.73
1999-12-17,4454.05
1999-12-20,4484.88
1999-12-21,4468.0
1999-12-22,4499.77
1999-12-23,4588.01
1999-12-24,4602.82
1999-12-27,4606.36
1999-12-28,4623.08
1999-12-29,4657.36
1999-12-30,4742.4208970128
1999-12-31,
2000-01-03,4715.6141215345
2000-01-04,4503.832250949
2000-01-05,4384.2682462635
2000-01-06,4342.5101248209
2000-01-07,4452.5079817851
2000-01-10,4511.6385974537
2000-01-11,4462.6000653527
2000-01-12,4463.3827324566
2000-01-13,4494.4552706969
2000-01-14,4626.1075101114
2000-01-17,4688.6324059748
2000-01-18,4572.7147668682
2000-01-19,4572.2898465879
2000-01-20,4555.6429274771
2000-01-21,4532.5366383165
2000-01-24,4548.7721251296
2000-01-25,4477.0448607221
2000-01-26,4550.5938429504
2000-01-27,4636.2962570198
2000-01-28,4625.3057420621
2000-01-31,4522.4233777871
2000-02-01,4631.639804492
2000-02-02,4695.4396624011
2000-02-03,4762.8486922117
2000-02-04,4775.3354630975
2000-02-07,4730.1572291982
2000-02-08,4849.9967060458
2000-02-09,4844.3779619253
2000-02-10,4850.7201359089
2000-02-11,4849.4514659874
2000-02-14,4783.45905861
2000-02-15,4673.9555633941
2000-02-16,4737.5577438008
2000-02-17,4775.5518916705
2000-02-18,4743.9163224238
2000-02-21,4698.7570504919
2000-02-22,4694.3513071919
2000-02-23,4754.0724555295
2000-02-24,4764.7327807932
2000-02-25,4871.2103159722
2000-02-28,4811.5250259067
2000-02-29,4879.7920634979
2000-03-01,4920.4089378437
2000-03-02,5070.7982421636
2000-03-03,5133.3664576121
2000-03-06,5156.722458978
2000-03-07,5111.0878815737
2000-03-08,5077.633038702
2000-03-09,5072.4381874669
2000-03-10,5129.9753992527
2000-03-13,4998.9402669861
2000-03-14,4993.7515955128
2000-03-15,4867.9852235332
2000-03-16,4933.8715802231
2000-03-17,4989.0359795551
2000-03-20,5052.0703622048
2000-03-21,5052.4125825346
2000-03-22,5070.2826643255
2000-03-23,5060.1344670124
2000-03-24,5166.0101762089
2000-03-27,5136.4390519723
2000-03-28,5153.2347300521
2000-03-29,5161.2109208289
2000-03-30,5025.5486075985
2000-03-31,5059.1062495873
2000-04-03,4965.2544741563
2000-04-04,4974.3242922542
2000-04-05,4833.9871040227
2000-04-06,4972.5886793587
2000-04-07,5046.7399006399
2000-04-10,5041.808935582
2000-04-11,4939.2152005706
2000-04-12,4940.8139696075
2000-04-13,4951.8620554898
2000-04-14,4794.1188787597
2000-04-17,4735.4958976153
2000-04-18,4819.1701716749
2000-04-19,4896.0553025612
2000-04-20,4906.2095077846
2000-04-21,
2000-04-24,
2000-04-25,4951.5574358101
2000-04-26,5005.8829006218
2000-04-27,4988.8606336654
2000-04-28,5093.1875356782
2000-05-01,
2000-05-02,5183.2373766054
2000-05-03,5086.5302827107
2000-05-04,5061.9129951199
2000-05-05,5093.0006766786
2000-05-08,5038.0899896231
2000-05-09,4927.2255572289
2000-05-10,4815.3966695298
2000-05-11,4929.094471742
2000-05-12,4997.4150702788
2000-05-15,4923.5876597842
2000-05-16,5056.7460353911
2000-05-17,4978.723369351
2000-05-18,4984.429418216
2000-05-19,4823.6617151127
2000-05-22,4727.0604792219
2000-05-23,4760.4817854343
2000-05-24,4708.1155939828
2000-05-25,4822.8188029058
2000-05-26,4768.6930683223
2000-05-29,4827.808427747
2000-05-30,4912.7526568112
2000-05-31,4941.8055259824
2000-06-01,5003.0109090509
2000-06-02,5155.7826032867
2000-06-05,5083.8733679719
2000-06-06,5061.635869664
2000-06-07,5021.1395287769
2000-06-08,5023.517867464
2000-06-09,5021.6569143518
2000-06-12,5027.5311741816
2000-06-13,5023.092473066
2000-06-14,5093.6848895715
2000-06-15,5051.9383092316
2000-06-16,5011.7685877712
2000-06-19,4982.4675123051
2000-06-20,5040.8524759224
2000-06-21,5000.0838752175
2000-06-22,4979.5985487717
2000-06-23,4964.9790706189
2000-06-26,4951.3305328567
2000-06-27,4915.8286010044
2000-06-28,4922.2450900717
2000-06-29,4772.880076162
2000-06-30,4832.6726824278
2000-07-03,4927.4749469084
2000-07-04,4912.1001624038
2000-07-05,4875.8050003268
2000-07-06,4897.9930822509
2000-07-07,5003.9630185115
2000-07-10,4995.1714000078
2000-07-11,4977.478390255
2000-07-12,5010.5087918414
2000-07-13,5042.5101108953
2000-07-14,5041.5006588734
2000-07-17,5079.5679441949
2000-07-18,5024.5177541139
2000-07-19,5034.7001626198
2000-07-20,5049.2915429239
2000-07-21,4946.3536685117
2000-07-24,4963.0675039713
2000-07-25,4943.4657170677
2000-07-26,4945.3173554243
2000-07-27,4848.3164315075
2000-07-28,4823.7374339872
2000-07-31,4876.1761510291
2000-08-01,4867.7514729964
2000-08-02,4881.6062953377
2000-08-03,4827.9162485671
2000-08-04,4872.2018135931
2000-08-07,4898.0826990214
2000-08-08,4913.30607363
2000-08-09,4961.6094240286
2000-08-10,4942.5993281456
2000-08-11,4957.0350471854
2000-08-14,4989.3937144909
2000-08-15,4972.0502626926
2000-08-16,4999.5274791352
2000-08-17,4975.6220611809
2000-08-18,4979.1645902788
2000-08-21,4982.1692327592
2000-08-22,5001.7364443597
2000-08-23,5005.3666929823
2000-08-24,4972.73783103
2000-08-25,4995.4404981913
2000-08-28,5014.8398307098
2000-08-29,4999.7428596245
2000-08-30,4990.5829559058
2000-08-31,5018.0659412338
2000-09-01,5120.0711747232
2000-09-04,5182.3721410075
2000-09-05,5135.7991651628
2000-09-06,5128.7196831695
2000-09-07,5148.9361659383
2000-09-08,5058.5290092853
2000-09-11,5059.9954089621
2000-09-12,5040.7126257302
2000-09-13,4972.6630179268
2000-09-14,5015.8267331176
2000-09-15,4995.1737467431
2000-09-18,4976.5747336607
2000-09-19,4979.9961615374
2000-09-20,4909.0418941958
2000-09-21,4822.1916119362
2000-09-22,4805.6740872289
2000-09-25,4848.9281381543
2000-09-26,4795.0459885982
2000-09-27,4812.6265711196
2000-09-28,4783.4689892439
2000-09-29,4780.3429389382
2000-10-02,4815.5758694194
2000-10-03,4857.1446835522
2000-10-04,4835.5983525285
2000-10-05,4874.8297597895
2000-10-06,4854.9271908512
2000-10-09,4746.2139125025
2000-10-10,4764.614454904
2000-10-11,4662.7669539537
2000-10-12,4717.4945081961
2000-10-13,4758.2488435998
2000-10-16,4787.2035977259
2000-10-17,4732.8017335686
2000-10-18,4698.4931908719
2000-10-19,4829.0851244842
2000-10-20,4845.2731884202
2000-10-23,4888.0042436458
2000-10-24,4991.9440776015
2000-10-25,4927.9910059525
2000-10-26,4873.9683935513
2000-10-27,4906.8499126055
2000-10-30,4919.1770966482
2000-10-31,4953.4785523669
2000-11-01,4950.0975791031
2000-11-02,4920.694419447
2000-11-03,4900.1208947301
2000-11-06,4878.8427629877
2000-11-07,4906.2873936402
2000-11-08,4892.2724683651
2000-11-09,4845.9437430432
2000-11-10,4780.1890782523
2000-11-13,4712.8907630228
2000-11-14,4851.1487600459
2000-11-15,4883.4984412838
2000-11-16,4855.7202642567
2000-11-17,4837.5978842593
2000-11-20,4750.9987200108
2000-11-21,4797.1860175375
2000-11-22,4668.4082808913
2000-11-23,4732.5506012473
2000-11-24,4809.6903643469
2000-11-27,4821.2490588983
2000-11-28,4738.2632611682
2000-11-29,4724.7767482694
2000-11-30,4617.47
2000-12-01,4681.2440974849
2000-12-04,4621.9662366547
2000-12-05,4763.6752568961
2000-12-06,4708.8995693109
2000-12-07,4710.5718714538
2000-12-08,4730.0923052395
2000-12-11,4838.5052876336
2000-12-12,4821.882324627
2000-12-13,4806.9048639676
2000-12-14,4702.2479774732
2000-12-15,4609.6298968939
2000-12-18,4647.4029541827
2000-12-19,4695.1216089886
2000-12-20,4522.5955520963
2000-12-21,4466.1768293683
2000-12-22,4463.8237136958
2000-12-25,
2000-12-26,
2000-12-27,4533.6919378805
2000-12-28,4571.4214880094
2000-12-29,4557.1330188268
2001-01-02,4492.2708581363
2001-01-03,4456.9735048146
2001-01-04,4534.1028722548
2001-01-05,4503.218959688
2001-01-08,4472.0201560039
2001-01-09,4407.5727268083
2001-01-10,4370.0377235246
2001-01-11,4440.2321747003
2001-01-12,4473.1064582645
2001-01-15,4509.7201195489
2001-01-16,4441.4517664406
2001-01-17,4553.5682407763
2001-01-18,4530.894878038
2001-01-19,4499.8833375011
2001-01-22,4504.3538267029
2001-01-23,4502.2216210672
2001-01-24,4554.8238236194
2001-01-25,4567.4217647632
2001-01-26,4557.2152453219
2001-01-29,4571.3720851769
2001-01-30,4541.9553161743
2001-01-31,4560.0328711988
2001-02-01,4493.0080930924
2001-02-02,4474.6227970327
2001-02-05,4483.2004583817
2001-02-06,4507.6908002631
2001-02-07,4435.9991757073
2001-02-08,4440.7050358489
2001-02-09,4373.0481845831
2001-02-12,4408.6218381843
2001-02-13,4421.0600160807
2001-02-14,4360.0443298943
2001-02-15,4416.5416645614
2001-02-16,4304.8851182276
2001-02-19,4284.2327697011
2001-02-20,4235.9198884163
2001-02-21,4190.0163588653
2001-02-22,4181.3650873239
2001-02-23,4091.1282477253
2001-02-26,4119.2002611599
2001-02-27,4130.5624582088
2001-02-28,4105.6578079316
2001-03-01,4076.4111270196
2001-03-02,4087.0065951073
2001-03-05,4147.944004597
2001-03-06,4207.5175176119
2001-03-07,4197.7188608745
2001-03-08,4181.2117890922
2001-03-09,4129.2414085305
2001-03-12,4020.2861914676
2001-03-13,3995.7468578669
2001-03-14,3941.7577025656
2001-03-15,4032.9778498284
2001-03-16,3924.254309293
2001-03-19,3889.4316437416
2001-03-20,3958.4173643497
2001-03-21,3896.6980433185
2001-03-22,3729.6320785652
2001-03-23,3809.7732107136
2001-03-26,3950.695833656
2001-03-27,4050.468601785
2001-03-28,3980.8109559076
2001-03-29,3980.1244139492
2001-03-30,4004.8907887259
2001-04-02,3989.415812096
2001-04-03,3853.8971815883
2001-04-04,3872.1529611212
2001-04-05,3957.4868723367
2001-04-06,3952.2745708941
2001-04-09,4024.145671912
2001-04-10,4141.1365157312
2001-04-11,4158.0398900128
2001-04-12,4147.7428194194
2001-04-17,4126.0061434666
2001-04-18,4224.9445101773
2001-04-19,4215.7164717764
2001-04-20,4169.473005593
2001-04-23,4145.897843402
2001-04-24,4165.3131200206
2001-04-25,4156.9320191353
2001-04-26,4179.1576476478
2001-04-27,4242.4166391055
2001-04-30,4277.2578750181
2001-05-02,4233.0520085421
2001-05-03,4141.1777757708
2001-05-04,4191.5954319429
2001-05-07,4222.4787154415
2001-05-08,4215.0802061377
2001-05-09,4197.1224012692
2001-05-10,4287.1329060207
2001-05-11,4262.9869060513
2001-05-14,4169.5943544184
2001-05-15,4230.8511023835
2001-05-16,4237.311991819
2001-05-17,4280.6463658583
2001-05-18,4322.5599507584
2001-05-21,4348.9292437354
2001-05-22,4377.0861751527
2001-05-23,4337.0231288281
2001-05-24,4343.2849952968
2001-05-25,4315.1915369132
2001-05-28,4319.1298082008
2001-05-29,4297.827460024
2001-05-30,4238.4467966223
2001-05-31,4245.9778260332
2001-06-01,4246.8760296892
2001-06-05,4315.2087150363
2001-06-06,4276.9610843138
2001-06-07,4273.4821659495
2001-06-08,4257.927397593
2001-06-11,4220.3867237761
2001-06-12,4119.5745958554
2001-06-13,4157.8569489234
2001-06-14,4097.1651405249
2001-06-15,4073.771484637
2001-06-18,4017.0136941846
2001-06-19,4033.8872852184
2001-06-20,4029.0655644612
2001-06-21,4030.4828896512
2001-06-22,4032.9905584742
2001-06-25,4031.9751782268
2001-06-26,3960.7246883314
2001-06-27,3960.8691678622
2001-06-28,4014.3538514362
2001-06-29,4057.6423695805
2001-07-02,4132.6357570809
2001-07-03,4062.172112089
2001-07-04,4038.2998615981
2001-07-05,4016.0607609801
2001-07-06,3914.8851436484
2001-07-09,3908.8473183675
2001-07-10,3866.5228265973
2001-07-11,3790.7833924573
2001-07-12,3865.8227794431
2001-07-13,3895.4011336012
2001-07-16,3865.8477639968
2001-07-17,3822.7067452679
2001-07-18,3768.1895247398
2001-07-19,3849.3811339868
2001-07-20,3809.1468216355
2001-07-23,3823.8383519153
2001-07-24,3762.9692600309
2001-07-25,3711.036871813
2001-07-26,3750.8681246414
2001-07-27,3826.7356497428
2001-07-30,3884.1391687344
2001-07-31,3931.4230461066
2001-08-01,3934.6682965567
2001-08-02,3927.9992936361
2001-08-03,3887.2398191944
2001-08-06,3886.3934487039
2001-08-07,3898.7437162108
2001-08-08,3839.6714654358
2001-08-09,3750.3396446582
2001-08-10,3709.7308127174
2001-08-13,3730.2101603412
2001-08-14,3793.3639345511
2001-08-15,3755.4240441116
2001-08-16,3700.953079003
2001-08-17,3633.4256866789
2001-08-20,3637.4353033894
2001-08-21,3690.2232567081
2001-08-22,3675.6415417324
2001-08-23,3673.2686066872
2001-08-24,3737.7580435555
2001-08-27,3745.2145485882
2001-08-28,3701.5112776078
2001-08-29,3696.0423608879
2001-08-30,3619.1083317083
2001-08-31,3637.1476814872
2001-09-03,3595.9437092901
2001-09-04,3663.9987456953
2001-09-05,3600.537750774
2001-09-06,3501.5778950432
2001-09-07,3395.9917535101
2001-09-10,3383.6547545126
2001-09-11,3178.2300266068
2001-09-12,3255.8729625434
2001-09-13,3282.9867788864
2001-09-14,3098.1981797907
2001-09-17,3225.9050943608
2001-09-18,3213.5725183378
2001-09-19,3122.6037946566
2001-09-20,3002.1796129676
2001-09-21,2915.636335195
2001-09-24,3080.117869828
2001-09-25,3116.673393215
2001-09-26,3165.570714303
2001-09-27,3222.2490938814
2001-09-28,3339.9073484481
2001-10-01,3243.7795526193
2001-10-02,3282.4178133045
2001-10-03,3296.5244735264
2001-10-04,3405.7101798486
2001-10-05,3385.0517099559
2001-10-08,3384.6385419137
2001-10-09,3366.8295114875
2001-10-10,3461.7954976983
2001-10-11,3501.7697680637
2001-10-12,3479.98955116
2001-10-15,3410.9435037044
2001-10-16,3438.1319027497
2001-10-17,3529.9851037008
2001-10-18,3469.7792593035
2001-10-19,3410.1090826103
2001-10-22,3465.7345873485
2001-10-23,3558.8314800716
2001-10-24,3557.4579244417
2001-10-25,3490.5128313005
2001-10-26,3583.6458940307
2001-10-29,3497.0669423057
2001-10-30,3411.6200811798
2001-10-31,3465.7423306957
2001-11-01,3492.2240714793
2001-11-02,3504.175123
2001-11-05,3591.3144696655
2001-11-06,3584.7997532786
2001-11-07,3614.8015901208
2001-11-08,3681.6961643755
2001-11-09,3643.9258167963
2001-11-12,3554.5669693172
2001-11-13,3684.2575536671
2001-11-14,3651.4546130222
2001-11-15,3643.0122170752
2001-11-16,3678.6657647879
2001-11-19,3712.0347822493
2001-11-20,3674.1662703957
2001-11-21,3681.8325349244
2001-11-22,3712.3768194357
2001-11-23,3689.2488420093
2001-11-26,3682.131742222
2001-11-27,3632.0102247286
2001-11-28,3582.1896156926
2001-11-29,3575.4629831819
2001-11-30,3571.250523505
2001-12-03,3555.8276624893
2001-12-04,3607.4626081242
2001-12-05,3714.7767043821
2001-12-06,3722.0924631874
2001-12-07,3681.6759416375
2001-12-10,3622.8476213145
2001-12-11,3633.3675574655
2001-12-12,3594.1406868752
2001-12-13,3537.2779989651
2001-12-14,3505.4046652568
2001-12-17,3598.4529432065
2001-12-18,3592.7581817873
2001-12-19,3554.3240757093
2001-12-20,3537.3396677225
2001-12-21,3616.7960610546
2001-12-24,3622.8503626899
2001-12-27,3686.2349519629
2001-12-28,3706.9250980865
2002-01-02,3627.8095558152
2002-01-03,3699.0864596146
2002-01-04,3702.6619597034
2002-01-07,3657.6348138828
2002-01-08,3620.8011095363
2002-01-09,3609.5461043312
2002-01-10,3574.9182893102
2002-01-11,3605.0669881249
2002-01-14,3508.6157791654
2002-01-15,3550.3267775859
2002-01-16,3513.2539304475
2002-01-17,3557.2093046696
2002-01-18,3547.5136921921
2002-01-21,3524.2017333855
2002-01-22,3524.8343321906
2002-01-23,3570.6024192495
2002-01-24,3623.9188999217
2002-01-25,3609.4990436095
2002-01-28,3644.3571079438
2002-01-29,3583.289638163
2002-01-30,3541.3200362786
2002-01-31,3584.1694800369
2002-02-01,3604.5903544897
2002-02-04,3555.4902601534
2002-02-05,3484.0525529159
2002-02-06,3445.6731217709
2002-02-07,3493.2769523509
2002-02-08,3485.5683681447
2002-02-11,3522.3914719647
2002-02-12,3516.3405103333
2002-02-13,3544.9359048589
2002-02-14,3585.7156084522
2002-02-15,3547.6790668143
2002-02-18,3532.8954056295
2002-02-19,3457.3656081471
2002-02-20,3427.5654837472
2002-02-21,3474.5746103386
2002-02-22,3435.2017879812
2002-02-25,3489.6627341106
2002-02-26,3511.1728452428
2002-02-27,3565.0763959716
2002-02-28,3552.1138333666
2002-03-01,3593.4317622051
2002-03-04,3668.0335672231
2002-03-05,3647.1065194701
2002-03-06,3656.6752012143
2002-03-07,3673.4533166842
2002-03-08,3704.3369061634
2002-03-11,3679.0501356784
2002-03-12,3652.5722989932
2002-03-13,3651.810120824
2002-03-14,3646.4903679293
2002-03-15,3682.688081173
2002-03-18,3697.7625717133
2002-03-19,3707.1185924374
2002-03-20,3663.5731544543
2002-03-21,3643.5187980315
2002-03-22,3660.8170429794
2002-03-25,3627.0376726376
2002-03-26,3633.7753409038
2002-03-27,3646.4899898979
2002-03-28,3695.2354297643
2002-04-02,3666.6742397703
2002-04-03,3663.8438758591
2002-04-04,3623.5991423642
2002-04-05,3621.3963481532
2002-04-08,3568.662203319
2002-04-09,3571.0252785758
2002-04-10,3604.442022926
2002-04-11,3532.4899777476
2002-04-12,3546.2775274579
2002-04-15,3581.43800081
2002-04-16,3648.5621094467
2002-04-17,3648.6097685276
2002-04-18,3619.6738961504
2002-04-19,3615.2874212342
2002-04-22,3583.718400347
2002-04-23,3567.8718059179
2002-04-24,3554.7439462224
2002-04-25,3526.4674246483
2002-04-26,3500.8020183112
2002-04-29,3489.1471029975
2002-04-30,3510.0014445045
2002-05-02,3496.8917822062
2002-05-03,3466.6062858928
2002-05-06,3453.8507464635
2002-05-07,3412.7105730411
2002-05-08,3495.1448229616
2002-05-09,3488.6799715282
2002-05-10,3438.1143458518
2002-05-13,3468.8069368166
2002-05-14,3526.0696386393
2002-05-15,3547.4376953337
2002-05-16,3531.8882170843
2002-05-17,3495.3105652367
2002-05-20,3472.4771752348
2002-05-21,3474.9100909053
2002-05-22,3420.5685049027
2002-05-23,3430.6190927501
2002-05-24,3433.4276138611
2002-05-27,3433.1160185078
2002-05-28,3385.9546260908
2002-05-29,3374.0607218363
2002-05-30,3317.4971257616
2002-05-31,3357.6979915279
2002-06-03,3330.2422140367
2002-06-04,3259.6370817424
2002-06-05,3233.4111464625
2002-06-06,3209.2092073273
2002-06-07,3162.6985774958
2002-06-10,3170.0658845566
2002-06-11,3206.7419623107
2002-06-12,3124.2865146639
2002-06-13,3083.6238963355
2002-06-14,3012.4371285721
2002-06-17,3129.9070005054
2002-06-18,3106.53802673
2002-06-19,3049.0871389406
2002-06-20,2983.8298597804
2002-06-21,2972.5525050442
2002-06-24,2890.4926701275
2002-06-25,2970.8284752074
2002-06-26,2906.596279181
2002-06-27,2949.8376127428
2002-06-28,3060.909026
2002-07-01,3073.0708239905
2002-07-02,2964.9882514221
2002-07-03,2879.6391120668
2002-07-04,2956.9500811042
2002-07-05,3087.3739255163
2002-07-08,3072.8989667409
2002-07-09,3035.9110718408
2002-07-10,2925.9138937653
2002-07-11,2818.140952521
2002-07-12,2822.82225577
2002-07-15,2649.9070228411
2002-07-16,2658.0228405261
2002-07-17,2760.6590263056
2002-07-18,2791.9029336176
2002-07-19,2635.2921165638
2002-07-22,2500.3901793744
2002-07-23,2449.9943497099
2002-07-24,2433.3856045287
2002-07-25,2542.7836016569
2002-07-26,2589.542668779
2002-07-29,2748.2273557915
2002-07-30,2720.8230235172
2002-07-31,2736.9795426669
2002-08-01,2602.8632235781
2002-08-02,2605.5518989912
2002-08-05,2526.3333804897
2002-08-06,2653.8895561096
2002-08-07,2607.7802714923
2002-08-08,2734.8863415724
2002-08-09,2779.8888974189
2002-08-12,2699.6561036046
2002-08-13,2731.4367817458
2002-08-14,2650.6531421591
2002-08-15,2743.3521018257
2002-08-16,2762.4849234023
2002-08-19,2846.7961830592
2002-08-20,2793.8836764147
2002-08-21,2814.4102943747
2002-08-22,2867.6104542067
2002-08-23,2822.0725288852
2002-08-26,2793.2897951438
2002-08-27,2852.4867924785
2002-08-28,2728.884103558
2002-08-29,2675.7850065092
2002-08-30,2709.4450442633
2002-09-02,2651.6895935342
2002-09-03,2526.9752089022
2002-09-04,2547.808838282
2002-09-05,2539.7353075415
2002-09-06,2637.7075146914
2002-09-09,2597.7832493684
2002-09-10,2667.0671438063
2002-09-11,2722.4546880486
2002-09-12,2610.2763636048
2002-09-13,2554.720860549
2002-09-16,2554.7833372412
2002-09-17,2528.6618283603
2002-09-18,2428.5424564562
2002-09-19,2383.9865619657
2002-09-20,2387.8233448894
2002-09-23,2299.6487449384
2002-09-24,2274.5957915467
2002-09-25,2313.2203294334
2002-09-26,2438.7622312977
2002-09-27,2442.7892224698
2002-09-30,2314.9595768443
2002-10-01,2367.9535192997
2002-10-02,2458.9291437792
2002-10-03,2421.1426756911
2002-10-04,2355.889262
2002-10-07,2331.170652883
2002-10-08,2288.1331359848
2002-10-09,2277.0035174226
2002-10-10,2341.0300462831
2002-10-11,2457.2414834718
2002-10-14,2431.7245932036
2002-10-15,2585.7332488297
2002-10-16,2536.7129396633
2002-10-17,2624.9458647076
2002-10-18,2606.3936438635
2002-10-21,2603.5716306682
2002-10-22,2573.9063684832
2002-10-23,2486.1746451228
2002-10-24,2558.8077643108
2002-10-25,2547.0076179316
2002-10-28,2574.7238070942
2002-10-29,2459.8672244848
2002-10-30,2525.416607
2002-10-31,2561.2936434456
2002-11-01,2522.4935476917
2002-11-04,2612.6683215065
2002-11-05,2627.2103839743
2002-11-06,2590.7797996049
2002-11-07,2537.5793154695
2002-11-08,2510.1487076847
2002-11-11,2496.8325402292
2002-11-12,2534.3235498521
2002-11-13,2518.1420683234
2002-11-14,2568.1253502455
2002-11-15,2589.3292281641
2002-11-18,2613.6665983333
2002-11-19,2603.8870509996
2002-11-20,2603.3093472527
2002-11-21,2684.9090815975
2002-11-22,2681.0253067502
2002-11-25,2655.9987053663
2002-11-26,2596.02891697
2002-11-27,2661.1576703734
2002-11-28,2675.369344631
2002-11-29,2661.5067104141
2002-12-02,2664.3176906731
2002-12-03,2605.4878172271
2002-12-04,2585.7513077629
2002-12-05,2552.9178693467
2002-12-06,2542.0006578536
2002-12-09,2485.4822703682
2002-12-10,2494.314839174
2002-12-11,2524.5570901593
2002-12-12,2484.2191397612
2002-12-13,2449.8872763754
2002-12-16,2533.6909106583
2002-12-17,2494.1198115272
2002-12-18,2442.0369462953
2002-12-19,2432.3584178433
2002-12-20,2456.2895272386
2002-12-23,2473.5736984011
2002-12-24,
2002-12-27,2381.5626998845
2002-12-30,2407.5095153463
2002-12-31,
2003-01-02,2502.2521894605
2003-01-03,2517.5681583191
2003-01-06,2526.7286875807
2003-01-07,2504.27163364
2003-01-08,2471.40856461
2003-01-09,2484.2571599915
2003-01-10,2487.1091966316
2003-01-13,2481.0082794991
2003-01-14,2492.3704475445
2003-01-15,2456.1806417846
2003-01-16,2447.8917980097
2003-01-17,2382.5240233785
2003-01-20,2337.7590154375
2003-01-21,2315.1881845345
2003-01-22,2268.4864233063
2003-01-23,2253.8676227197
2003-01-24,2226.3671478617
2003-01-27,2145.4921154421
2003-01-28,2155.6985946668
2003-01-29,2181.0855206211
2003-01-30,2234.2629041856
2003-01-31,2237.7403710732
2003-02-03,2282.1958312267
2003-02-04,2205.1358439326
2003-02-05,2260.5573827732
2003-02-06,2190.7492955985
2003-02-07,2170.7203435873
2003-02-10,2162.6360139148
2003-02-11,2223.0101342673
2003-02-12,2177.1250077217
2003-02-13,2165.3477693869
2003-02-14,2212.8550993649
2003-02-17,2254.3286738848
2003-02-18,2277.5767267098
2003-02-19,2209.7615725938
2003-02-20,2195.6247413131
2003-02-21,2220.0775666131
2003-02-24,2196.9941386191
2003-02-25,2136.2406796603
2003-02-26,2113.7016394273
2003-02-27,2129.8713727111
2003-02-28,2165.4385118652
2003-03-03,2171.9877548112
2003-03-04,2126.1522159932
2003-03-05,2105.1883168235
2003-03-06,2083.9922250129
2003-03-07,2036.9103480313
2003-03-10,1981.8326296759
2003-03-11,1985.6625657004
2003-03-12,1909.0477036919
2003-03-13,2036.0878272141
2003-03-14,2126.9656862766
2003-03-17,2202.8675263469
2003-03-18,2207.0180712507
2003-03-19,2236.2172281969
2003-03-20,2226.2006837936
2003-03-21,2308.2921668177
2003-03-24,2204.3833461771
2003-03-25,2237.9216757973
2003-03-26,2236.1442481448
2003-03-27,2189.8838458035
2003-03-28,2181.8653428476
2003-03-31,2098.8922782172
2003-04-01,2138.1071677267
2003-04-02,2207.1031257613
2003-04-03,2234.1134921169
2003-04-04,2261.3772401687
2003-04-07,2345.1406582459
2003-04-08,2307.8633128619
2003-04-09,2304.2137185241
2003-04-10,2257.037980409
2003-04-11,2272.9271940199
2003-04-14,2300.7582104974
2003-04-15,2340.8123934784
2003-04-16,2304.2730661176
2003-04-17,2322.150021849
2003-04-22,2338.8959459377
2003-04-23,2368.7790237636
2003-04-24,2323.1899825359
2003-04-25,2289.9717849485
2003-04-28,2352.614649648
2003-04-29,2326.0702711409
2003-04-30,2318.5446924288
2003-05-02,2324.6896297443
2003-05-05,2335.7145935264
2003-05-06,2365.6118439088
2003-05-07,2338.8394086528
2003-05-08,2272.8881639683
2003-05-09,2295.761644416
2003-05-12,2295.7400183011
2003-05-13,2305.0238296515
2003-05-14,2304.8975959185
2003-05-15,2344.2565082289
2003-05-16,2342.4764061589
2003-05-19,2262.0045720023
2003-05-20,2272.2655102214
2003-05-21,2243.170851011
2003-05-22,2280.1619193685
2003-05-23,2255.1971528349
2003-05-26,2245.8027512792
2003-05-27,2263.980868288
2003-05-28,2318.8757711791
2003-05-29,2320.2872308099
2003-05-30,2315.4874894071
2003-06-02,2370.1059225384
2003-06-03,2354.7729401266
2003-06-04,2380.7593940601
2003-06-05,2355.914027103
2003-06-06,2408.1785433134
2003-06-09,2375.0243042286
2003-06-10,2393.0244974204
2003-06-11,2430.0800792113
2003-06-12,2448.5606967615
2003-06-13,2406.9852398111
2003-06-16,2450.5336025789
2003-06-17,2474.9193148872
2003-06-18,2501.9143890484
2003-06-19,2454.9037130902
2003-06-20,2476.2104687202
2003-06-23,2434.4925818853
2003-06-24,2430.0047936586
2003-06-25,2432.1863408565
2003-06-26,2431.2609448305
2003-06-27,2426.844968307
2003-06-30,2395.466640502
2003-07-01,2340.4616985542
2003-07-02,2385.5781302418
2003-07-03,2401.2768359312
2003-07-04,2392.6002694387
2003-07-07,2449.8458239172
2003-07-08,2440.4969253735
2003-07-09,2423.0663701662
2003-07-10,2398.3147275294
2003-07-11,2429.8328126248
2003-07-14,2463.674395526
2003-07-15,2441.9507397631
2003-07-16,2430.9881197533
2003-07-17,2408.3889386413
2003-07-18,2403.9843197093
2003-07-21,2380.5700255897
2003-07-22,2396.2143044838
2003-07-23,2388.9339679522
2003-07-24,2436.6568380011
2003-07-25,2407.1072210532
2003-07-28,2438.8571383397
2003-07-29,2427.5602234894
2003-07-30,2444.025853027
2003-07-31,2474.0736471861
2003-08-01,2431.7272697297
2003-08-04,2412.5461884006
2003-08-05,2431.6109580565
2003-08-06,2394.2292467922
2003-08-07,2405.4151109352
2003-08-08,2429.5004274471
2003-08-11,2440.5143597853
2003-08-12,2456.0830070865
2003-08-13,2451.9383101439
2003-08-14,2494.0550956475
2003-08-15,2496.7128693073
2003-08-18,2523.0148500532
2003-08-19,2518.0999220522
2003-08-20,2504.6858870318
2003-08-21,2526.198020541
2003-08-22,2531.1516488575
2003-08-25,2510.4933599413
2003-08-26,2489.5326850062
2003-08-27,2510.9389599265
2003-08-28,2518.7556287837
2003-08-29,2479.5673848039
2003-09-01,2515.1660211228
2003-09-02,2523.7275045372
2003-09-03,2561.2700688292
2003-09-04,2561.3391956921
2003-09-05,2541.7875559979
2003-09-08,2562.2157372058
2003-09-09,2528.5290757515
2003-09-10,2513.7832393029
2003-09-11,2517.1193374061
2003-09-12,2498.0668850423
2003-09-15,2505.6278643646
2003-09-16,2537.0100240962
2003-09-17,2539.8399344618
2003-09-18,2559.733941781
2003-09-19,2531.2649301972
2003-09-22,2487.5960728377
2003-09-23,2477.385733132
2003-09-24,2476.1577238756
2003-09-25,2466.3833871563
2003-09-26,2445.3367969096
2003-09-29,2431.081033446
2003-09-30,2386.9166868019
2003-10-01,2427.0572614165
2003-10-02,2440.5257156372
2003-10-03,2504.3294173073
2003-10-06,2482.168369779
2003-10-07,2461.1645682868
2003-10-08,2457.1868106634
2003-10-09,2508.5710646662
2003-10-10,2489.9133431925
2003-10-13,2537.0893942844
2003-10-14,2527.0001375854
2003-10-15,2542.523519454
2003-10-16,2535.1806278923
2003-10-17,2528.1811226587
2003-10-20,2529.5164750089
2003-10-21,2532.7742631249
2003-10-22,2489.4583338162
2003-10-23,2468.2541379285
2003-10-24,2461.6516517879
2003-10-27,2484.0238218918
2003-10-28,2507.6434384485
2003-10-29,2515.7645195116
2003-10-30,2534.6922101707
2003-10-31,2537.8352558168
2003-11-03,2581.4564859224
2003-11-04,2567.2576310911
2003-11-05,2553.3523652792
2003-11-06,2568.3714584655
2003-11-07,2592.9091145631
2003-11-10,2565.6957651529
2003-11-11,2560.0972360943
2003-11-12,2566.4079463788
2003-11-13,2575.8027341025
2003-11-14,2590.4836889461
2003-11-17,2541.098230491
2003-11-18,2540.8458469542
2003-11-19,2518.5214436141
2003-11-20,2517.3791236817
2003-11-21,2525.0748848004
2003-11-24,2581.5558621769
2003-11-25,2578.6328531351
2003-11-26,2564.9825819395
2003-11-27,2578.3084126232
2003-11-28,2567.1307078477
2003-12-01,2611.4501183329
2003-12-02,2593.4522550246
2003-12-03,2608.4371194532
2003-12-04,2601.8742567453
2003-12-05,2584.9122615412
2003-12-08,2572.7006022085
2003-12-09,2597.8194199402
2003-12-10,2579.5562818139
2003-12-11,2597.8752368644
2003-12-12,2593.5613042252
2003-12-15,2595.7825730609
2003-12-16,2585.8783404101
2003-12-17,2590.9446272212
2003-12-18,2622.2539137775
2003-12-19,2630.9529465156
2003-12-22,2621.5191841911
2003-12-23,2632.9931058747
2003-12-24,
2003-12-29,2644.6399103409
2003-12-30,2656.0694488829
2003-12-31,2660.374450485
2004-01-02,2687.3897345407
2004-01-05,2704.2146731364
2004-01-06,2705.8707791531
2004-01-07,2690.9714825967
2004-01-08,2716.4458274171
2004-01-09,2693.6772342136
2004-01-12,2688.9710819149
2004-01-13,2691.5610041232
2004-01-14,2711.2904344746
2004-01-15,2708.9150356097
2004-01-16,2734.8608424066
2004-01-19,2740.8976607337
2004-01-20,2727.4276196713
2004-01-21,2742.2443016138
2004-01-22,2743.9148314667
2004-01-23,2737.9711979659
2004-01-26,2727.3554368587
2004-01-27,2728.4181421827
2004-01-28,2746.3991217296
2004-01-29,2721.622316494
2004-01-30,2696.2792174135
2004-02-02,2697.058430447
2004-02-03,2695.0457986845
2004-02-04,2689.818925643
2004-02-05,2678.4839642803
2004-02-06,2690.2879911372
2004-02-09,2728.1757930209
2004-02-10,2728.7346001817
2004-02-11,2730.2373855752
2004-02-12,2719.2770184929
2004-02-13,2713.7131535039
2004-02-16,2718.3382692666
2004-02-17,2743.2133318282
2004-02-18,2733.891565375
2004-02-19,2775.0779343818
2004-02-20,2761.2973893327
2004-02-23,2766.3464325472
2004-02-24,2742.0237666144
2004-02-25,2754.5642467021
2004-02-26,2757.8694544219
2004-02-27,2748.4951292314
2004-03-01,2776.8346163096
2004-03-02,2794.0097398976
2004-03-03,2785.2056865867
2004-03-04,2804.056894751
2004-03-05,2787.0343274736
2004-03-08,2795.5555862332
2004-03-09,2769.5544561653
2004-03-10,2770.6617408884
2004-03-11,2692.3694520196
2004-03-12,2696.496926787
2004-03-15,2648.901950329
2004-03-16,2663.6651846177
2004-03-17,2701.5325040671
2004-03-18,2649.6621526035
2004-03-19,2660.3082891952
2004-03-22,2608.3764932457
2004-03-23,2614.6565216141
2004-03-24,2610.8455024735
2004-03-25,2644.6039214632
2004-03-26,2649.4729606464
2004-03-29,2678.0086569015
2004-03-30,2680.2384217584
2004-03-31,2663.3202707814
2004-04-01,2694.1849302941
2004-04-02,2742.5401999218
2004-04-05,2763.8994953026
2004-04-06,2748.3965710027
2004-04-07,2739.6470233885
2004-04-08,2752.2956301295
2004-04-13,2779.6768922098
2004-04-14,2741.4124539737
2004-04-15,2746.7010791706
2004-04-16,2760.2307097886
2004-04-19,2765.5515054197
2004-04-20,2781.8486794741
2004-04-21,2756.8908204998
2004-04-22,2768.0548301969
2004-04-23,2778.3972103614
2004-04-26,2792.3461842601
2004-04-27,2795.5332728079
2004-04-28,2753.61656008
2004-04-29,2733.7202403647
2004-04-30,2707.6909126225
2004-05-03,2722.9715733106
2004-05-04,2737.9762518219
2004-05-05,2753.1547624448
2004-05-06,2721.4798874982
2004-05-07,2725.6361821081
2004-05-10,2659.0319785067
2004-05-11,2687.3448757851
2004-05-12,2655.727747456
2004-05-13,2682.6828649445
2004-05-14,2665.6727738891
2004-05-17,2626.9551971316
2004-05-18,2643.4272657338
2004-05-19,2683.2774406682
2004-05-20,2666.3040018659
2004-05-21,2658.2789444798
2004-05-24,2672.8993335946
2004-05-25,2660.8156012668
2004-05-26,2680.3212026565
2004-05-27,2688.9150964588
2004-05-28,2669.3643802659
2004-05-31,
2004-06-01,2659.6630825875
2004-06-02,2667.7179248782
2004-06-03,2679.2445069846
2004-06-04,2694.5580876283
2004-06-07,2714.7557263589
2004-06-08,2724.9943992575
2004-06-09,2727.1947167166
2004-06-10,2732.9822161309
2004-06-11,2730.8095436533
2004-06-14,2689.284467888
2004-06-15,2710.5333961749
2004-06-16,2740.3623178332
2004-06-17,2745.3975703298
2004-06-18,2750.0459919327
2004-06-21,2743.1551168874
2004-06-22,2704.3144840692
2004-06-23,2710.4058534958
2004-06-24,2723.8081636091
2004-06-25,2720.0818860158
2004-06-28,2734.0063742793
2004-06-29,2714.5708251199
2004-06-30,2687.6801646094
2004-07-01,2680.7164365445
2004-07-02,2660.8933832532
2004-07-05,2661.1526435242
2004-07-06,2648.667585147
2004-07-07,2643.0315347113
2004-07-08,2656.2928712247
2004-07-09,2655.8883968563
2004-07-12,2640.5980847186
2004-07-13,2641.6172697768
2004-07-14,2639.4552111279
2004-07-15,2607.0060381507
2004-07-16,2607.6737999173
2004-07-19,2593.8316021873
2004-07-20,2603.3324059063
2004-07-21,2631.2888133466
2004-07-22,2590.615087752
2004-07-23,2600.4226198916
2004-07-26,2573.3878879497
2004-07-27,2601.6985737933
2004-07-28,2612.4075611891
2004-07-29,2648.5249481252
2004-07-30,2650.241479462
2004-08-02,2649.0800471218
2004-08-03,2657.3106056298
2004-08-04,2639.4674503267
2004-08-05,2640.7021627825
2004-08-06,2578.3043149068
2004-08-09,2561.3488566926
2004-08-10,2576.8229682695
2004-08-11,2554.7161458252
2004-08-12,2555.097674035
2004-08-13,2541.8362220327
2004-08-16,2568.8081866927
2004-08-17,2569.3171811432
2004-08-18,2568.8733830711
2004-08-19,2573.7367266288
2004-08-20,2568.1358807052
2004-08-23,2602.1876834451
2004-08-24,2595.0873857302
2004-08-25,2604.1129596718
2004-08-26,2628.8770291978
2004-08-27,2653.9855212121
2004-08-30,2649.8040903803
2004-08-31,2620.0332456355
2004-09-01,2642.1200618131
2004-09-02,2654.837877958
2004-09-03,2680.5931068838
2004-09-06,2690.1923540095
2004-09-07,2688.3055860649
2004-09-08,2685.7109641425
2004-09-09,2670.8926974714
2004-09-10,2678.488925356
2004-09-13,2698.2305937638
2004-09-14,2686.3456243631
2004-09-15,2684.9668709048
2004-09-16,2694.4446622652
2004-09-17,2711.1016783017
2004-09-20,2705.4995924105
2004-09-21,2724.0339880747
2004-09-22,2705.2321817495
2004-09-23,2683.5827959277
2004-09-24,2692.0770542684
2004-09-27,2673.0792585606
2004-09-28,2686.5375480451
2004-09-29,2690.4046924283
2004-09-30,2668.4710260848
2004-10-01,2721.050757595
2004-10-04,2744.8222006759
2004-10-05,2752.084977832
2004-10-06,2751.8507653823
2004-10-07,2749.186426289
2004-10-08,2734.0877997899
2004-10-11,2731.9964607098
2004-10-12,2711.5760055488
2004-10-13,2714.5390641275
2004-10-14,2696.3376062875
2004-10-15,2690.5032828432
2004-10-18,2685.0056627872
2004-10-19,2711.8877874966
2004-10-20,2681.6836042745
2004-10-21,2696.1037488117
2004-10-22,2688.4938305303
2004-10-25,2638.9242409773
2004-10-26,2645.3747386073
2004-10-27,2681.1762362989
2004-10-28,2702.6415175208
2004-10-29,2692.0551681824
2004-11-01,2715.0971091315
2004-11-02,2741.2347544303
2004-11-03,2755.3985253114
2004-11-04,2748.0414352707
2004-11-05,2761.932398735
2004-11-08,2756.447965955
2004-11-09,2754.6904362497
2004-11-10,2756.1562712421
2004-11-11,2782.5700817532
2004-11-12,2793.0810468041
2004-11-15,2791.4487939045
2004-11-16,2772.1080769062
2004-11-17,2797.3301315431
2004-11-18,2798.1878915268
2004-11-19,2766.2841776657
2004-11-22,2750.7940812499
2004-11-23,2752.2623470372
2004-11-24,2742.8238334329
2004-11-25,2765.0379502082
2004-11-26,2759.020160363
2004-11-29,2752.5511312076
2004-11-30,2737.6733408266
2004-12-01,2774.3264121254
2004-12-02,2784.4491466317
2004-12-03,2777.6935415664
2004-12-06,2761.953330131
2004-12-07,2774.9498451125
2004-12-08,2768.2941325625
2004-12-09,2747.1675854058
2004-12-10,2760.1943023225
2004-12-13,2779.3838707335
2004-12-14,2781.1984839674
2004-12-15,2778.1089066712
2004-12-16,2786.5323443449
2004-12-17,2756.9232061766
2004-12-20,2770.2625386139
2004-12-21,2761.0859508387
2004-12-22,2776.377976845
2004-12-23,2776.7476175713
2004-12-24,
2004-12-27,2774.9800915765
2004-12-28,2779.1091195743
2004-12-29,2777.50835923
2004-12-30,2774.7727508716
2004-12-31,
2005-01-03,2788.5456985118
2005-01-04,2800.9160797175
2005-01-05,2783.4065760153
2005-01-06,2799.9163494185
2005-01-07,2818.4038453412
2005-01-10,2815.6845692784
2005-01-11,2791.5767761798
2005-01-12,2763.1608432341
2005-01-13,2769.6317394963
2005-01-14,2781.7587842607
2005-01-17,2791.8448246347
2005-01-18,2794.4649092957
2005-01-19,2797.9234641562
2005-01-20,2783.5795761606
2005-01-21,2779.6541284392
2005-01-24,2784.120332006
2005-01-25,2802.4190817951
2005-01-26,2803.739037916
2005-01-27,2820.1406929352
2005-01-28,2803.2581581182
2005-01-31,2819.1894233554
2005-02-01,2844.1958241642
2005-02-02,2849.3796823067
2005-02-03,2846.1041684756
2005-02-04,2873.9577617365
2005-02-07,2888.616846425
2005-02-08,2894.8488196787
2005-02-09,2889.5658995098
2005-02-10,2889.5450238987
2005-02-11,2915.9987118811
2005-02-14,2919.2506572013
2005-02-15,2928.8791294707
2005-02-16,2909.5886240259
2005-02-17,2909.0307306448
2005-02-18,2913.6117875593
2005-02-21,2921.4687482994
2005-02-22,2900.8919980788
2005-02-23,2879.6718611458
2005-02-24,2874.5450074681
2005-02-25,2907.5732083968
2005-02-28,2892.5649710078
2005-03-01,2917.0535373303
2005-03-02,2924.0573462732
2005-03-03,2925.1966074942
2005-03-04,2942.489246691
2005-03-07,2935.1216386121
2005-03-08,2921.0477018098
2005-03-09,2901.8297534323
2005-03-10,2875.4992250215
2005-03-11,2883.6334116954
2005-03-14,2880.763604995
2005-03-15,2908.4339379617
2005-03-16,2860.344859655
2005-03-17,2856.3146038336
2005-03-18,2862.3859948487
2005-03-21,2857.2732634643
2005-03-22,2862.7173990989
2005-03-23,2854.4361824347
2005-03-24,2867.4352149352
2005-03-29,2880.4473639174
2005-03-30,2868.5186759837
2005-03-31,2866.0770071572
2005-04-01,2876.2380621727
2005-04-04,2863.8065648609
2005-04-05,2887.5820607609
2005-04-06,2896.1399102597
2005-04-07,2906.8499369895
2005-04-08,2909.7448194989
2005-04-11,2901.6718302695
2005-04-12,2889.8075410069
2005-04-13,2901.5924644076
2005-04-14,2898.5722352819
2005-04-15,2858.1286386414
2005-04-18,2810.4316760272
2005-04-19,2831.1516927712
2005-04-20,2808.8517286061
2005-04-21,2805.4345262999
2005-04-22,2827.4737414178
2005-04-25,2842.6792551082
2005-04-26,2838.6243561013
2005-04-27,2805.7848691997
2005-04-28,2812.8127705221
2005-04-29,2817.4092099562
2005-05-02,2823.4474125091
2005-05-03,2840.1548779061
2005-05-04,2860.0347685226
2005-05-05,2876.0082460189
2005-05-06,2892.7554447682
2005-05-09,2877.9790051728
2005-05-10,2851.9443613592
2005-05-11,2841.686630067
2005-05-12,2859.6340352419
2005-05-13,2860.4547644737
2005-05-16,2843.9841366838
2005-05-17,2850.5380679835
2005-05-18,2884.5124490498
2005-05-19,2900.2644520643
2005-05-20,2900.5451771176
2005-05-23,2916.9922335827
2005-05-24,2913.8278419372
2005-05-25,2911.3902944778
2005-05-26,2926.9573786869
2005-05-27,2925.839365227
2005-05-30,2937.5546762578
2005-05-31,2934.7500783707
2005-06-01,2979.6716292713
2005-06-02,2981.0208245447
2005-06-03,2969.9137363169
2005-06-06,2958.8655862611
2005-06-07,2997.0140183504
2005-06-08,2988.4767947016
2005-06-09,2991.1022337358
2005-06-10,3007.8658403294
2005-06-13,3020.6131423016
2005-06-14,3026.2168617947
2005-06-15,3012.3095274506
2005-06-16,3027.7921927471
2005-06-17,3032.2396167325
2005-06-20,3034.7155002225
2005-06-21,3051.131161169
2005-06-22,3055.1034075531
2005-06-23,3072.3074507297
2005-06-24,3048.8160252072
2005-06-27,3019.2180161393
2005-06-28,3047.1739261276
2005-06-29,3050.653006033
2005-06-30,3036.5442129604
2005-07-01,3062.4600272694
2005-07-04,3077.702718519
2005-07-05,3072.5857717786
2005-07-06,3091.7625223997
2005-07-07,3034.2362991333
2005-07-08,3077.0810493546
2005-07-11,3088.9208080844
2005-07-12,3072.2864575356
2005-07-13,3096.1880987302
2005-07-14,3118.3029069245
2005-07-15,3111.277717683
2005-07-18,3104.0065934352
2005-07-19,3112.8153476585
2005-07-20,3101.3077926391
2005-07-21,3095.7879487268
2005-07-22,3094.8717240128
2005-07-25,3115.1182903913
2005-07-26,3117.0984046587
2005-07-27,3124.0814437258
2005-07-28,3143.027047649
2005-07-29,3139.4973301305
2005-08-01,3140.4923442102
2005-08-02,3168.1859802948
2005-08-03,3159.0885947011
2005-08-04,3127.6212922063
2005-08-05,3115.1295801109
2005-08-08,3136.857049417
2005-08-09,3158.7111844539
2005-08-10,3184.856798886
2005-08-11,3176.1748394138
2005-08-12,3167.1317847828
2005-08-15,3166.544917558
2005-08-16,3156.7815956787
2005-08-17,3150.5997468379
2005-08-18,3135.5093490122
2005-08-19,3169.0330118237
2005-08-22,3165.6109864569
2005-08-23,3140.7607388655
2005-08-24,3125.6709138458
2005-08-25,3100.6102061909
2005-08-26,3073.6343311744
2005-08-29,3084.9804510248
2005-08-30,3087.2527095755
2005-08-31,3114.3087069768
2005-09-01,3135.1787333238
2005-09-02,3127.0701701258
2005-09-05,3145.8192848099
2005-09-06,3176.1350181925
2005-09-07,3189.194965887
2005-09-08,3188.4138686872
2005-09-09,3199.3458107893
2005-09-12,3203.563802083
2005-09-13,3181.3325861299
2005-09-14,3192.6268587603
2005-09-15,3195.1353039946
2005-09-16,3212.9633554579
2005-09-19,3224.7170150093
2005-09-20,3228.0247977803
2005-09-21,3192.7075258791
2005-09-22,3183.9935354409
2005-09-23,3197.8446711372
2005-09-26,3244.8063252689
2005-09-27,3234.7189089697
2005-09-28,3267.265292358
2005-09-29,3253.222277564
2005-09-30,3261.3046462027
2005-10-03,3290.5551759636
2005-10-04,3296.0392719231
2005-10-05,3256.3691334425
2005-10-06,3215.7674174775
2005-10-07,3204.8997299985
2005-10-10,3212.6922782314
2005-10-11,3219.5372005129
2005-10-12,3198.6039830862
2005-10-13,3171.7956921718
2005-10-14,3177.5471599562
2005-10-17,3180.3820422256
2005-10-18,3178.4068339498
2005-10-19,3128.3846740463
2005-10-20,3141.4897606441
2005-10-21,3128.1403449802
2005-10-24,3162.3978064432
2005-10-25,3149.7422179003
2005-10-26,3165.2915530004
2005-10-27,3123.8229096592
2005-10-28,3131.6256467187
2005-10-31,3201.7917504566
2005-11-01,3199.7096533071
2005-11-02,3211.0354506685
2005-11-03,3262.3627378245
2005-11-04,3257.6805394533
2005-11-07,3268.1467616948
2005-11-08,3271.5742783626
2005-11-09,3264.4070681071
2005-11-10,3260.7905038473
2005-11-11,3296.7505907501
2005-11-14,3295.7868903292
2005-11-15,3281.4730963509
2005-11-16,3252.8530752437
2005-11-17,3265.0734915695
2005-11-18,3287.7015435474
2005-11-21,3296.1580181443
2005-11-22,3301.293017384
2005-11-23,3312.8393847692
2005-11-24,3302.7253594996
2005-11-25,3311.5189010352
2005-11-28,3280.468329267
2005-11-29,3286.8608897607
2005-11-30,3264.5284801057
2005-12-01,3323.3689382686
2005-12-02,3345.5502570705
2005-12-05,3330.4996775565
2005-12-06,3351.3093731749
2005-12-07,3346.6402783636
2005-12-08,3349.1045044732
2005-12-09,3343.574443958
2005-12-12,3339.0843580314
2005-12-13,3345.8959904156
2005-12-14,3333.9184649223
2005-12-15,3322.8205974342
2005-12-16,3343.6865727567
2005-12-19,3337.6059063022
2005-12-20,3349.2152387046
2005-12-21,3363.542134455
2005-12-22,3351.6010825333
2005-12-23,3351.0571250813
2005-12-27,3357.8713745014
2005-12-28,3350.4142365469
2005-12-29,3370.838764115
2005-12-30,3349.0976551988
2006-01-02,3359.8098162013
2006-01-03,3379.7241352787
2006-01-04,3415.1776053795
2006-01-05,3406.981298169
2006-01-06,3434.4180219126
2006-01-09,3442.0897852249
2006-01-10,3416.23903191
2006-01-11,3431.6185433078
2006-01-12,3444.1035609272
2006-01-13,3421.3684776719
2006-01-16,3425.7410912649
2006-01-17,3398.1242880278
2006-01-18,3364.1826724581
2006-01-19,3375.9176086053
2006-01-20,3343.7303328504
2006-01-23,3340.5769614158
2006-01-24,3326.5259109265
2006-01-25,3362.1893456105
2006-01-26,3400.6417162393
2006-01-27,3442.7214109571
2006-01-30,3444.2945296372
2006-01-31,3446.1686285373
2006-02-01,3474.9166164644
2006-02-02,3428.2996268482
2006-02-03,3433.2820321185
2006-02-06,3432.3931883621
2006-02-07,3418.7978776931
2006-02-08,3410.5139559709
2006-02-09,3453.5732053479
2006-02-10,3434.2601466236
2006-02-13,3459.5432734623
2006-02-14,3457.5288928847
2006-02-15,3454.542149174
2006-02-16,3475.5026711283
2006-02-17,3482.4204014122
2006-02-20,3490.6106547829
2006-02-21,3497.5204189138
2006-02-22,3511.9274624183
2006-02-23,3506.2823087818
2006-02-24,3514.4860378473
2006-02-27,3520.7355169449
2006-02-28,3469.4784968238
2006-03-01,3501.7430241633
2006-03-02,3463.5991116884
2006-03-03,3463.4087956275
2006-03-06,3484.4569267519
2006-03-07,3473.5978939283
2006-03-08,3452.6694275215
2006-03-09,3475.8784747082
2006-03-10,3505.7779407226
2006-03-13,3529.9112042723
2006-03-14,3533.7113429998
2006-03-15,3536.2319562318
2006-03-16,3533.1672260791
2006-03-17,3524.4506501931
2006-03-20,3526.3473578936
2006-03-21,3531.134863758
2006-03-22,3536.7524614018
2006-03-23,3531.3681734386
2006-03-24,3548.684069
2006-03-27,3515.91688
2006-03-28,3497.9729093909
2006-03-29,3505.233662973
2006-03-30,3538.7239763972
2006-03-31,3507.1250208867
2006-04-03,3535.1257745431
2006-04-04,3508.7012366389
2006-04-05,3524.4433553905
2006-04-06,3531.5551459505
2006-04-07,3522.0502007501
2006-04-10,3547.3181486121
2006-04-11,3511.0271301269
2006-04-12,3505.966786229
2006-04-13,3518.6591308112
2006-04-18,3513.6154584019
2006-04-19,3551.2303661745
2006-04-20,3555.3011379738
2006-04-21,3577.6766914711
2006-04-24,3555.2139860612
2006-04-25,3551.5140581482
2006-04-26,3559.4790340711
2006-04-27,3546.5242639489
2006-04-28,3536.2034438096
2006-05-02,3572.2074516794
2006-05-03,3533.0805729544
2006-05-04,3543.4784537925
2006-05-05,3577.1061745458
2006-05-08,3574.230037641
2006-05-09,3595.2988318672
2006-05-10,3562.4533068709
2006-05-11,3549.7860720684
2006-05-12,3475.2426922177
2006-05-15,3442.517143822
2006-05-16,3458.2042196314
2006-05-17,3356.4195490548
2006-05-18,3357.0058847178
2006-05-19,3359.1266867218
2006-05-22,3284.5002599103
2006-05-23,3350.4194491418
2006-05-24,3302.7856464343
2006-05-25,3346.8391495888
2006-05-26,3403.6419424047
2006-05-29,3395.105219433
2006-05-30,3322.31173177
2006-05-31,3359.0456735534
2006-06-01,3374.5067811105
2006-06-02,3375.1869791467
2006-06-05,3354.3711258859
2006-06-06,3296.5716179014
2006-06-07,3325.6384114173
2006-06-08,3240.0567337553
2006-06-09,3295.9349240436
2006-06-12,3269.9339765672
2006-06-13,3204.5614986316
2006-06-14,3204.3461354541
2006-06-15,3269.0513014539
2006-06-16,3247.1385569717
2006-06-19,3266.6839548471
2006-06-20,3290.6848361342
2006-06-21,3292.0855908563
2006-06-22,3300.7641087729
2006-06-23,3306.571153524
2006-06-26,3289.8194671456
2006-06-27,3266.2668408988
2006-06-28,3275.8653637484
2006-06-29,3334.3054592765
2006-06-30,3378.8498733448
2006-07-03,3396.7773912295
2006-07-04,3402.7230797853
2006-07-05,3365.7948353822
2006-07-06,3404.2361041115
2006-07-07,3398.7608734445
2006-07-10,3411.9279991717
2006-07-11,3380.4147107102
2006-07-12,3380.5037964986
2006-07-13,3333.9272122872
2006-07-14,3293.7640880848
2006-07-17,3291.2545796782
2006-07-18,3287.9975812793
2006-07-19,3357.7317786277
2006-07-20,3357.9179898458
2006-07-21,3331.9686649471
2006-07-24,3402.8284387908
2006-07-25,3398.1967394784
2006-07-26,3407.2328033787
2006-07-27,3441.397965778
2006-07-28,3469.7092617694
2006-07-31,3449.1530635053
2006-08-01,3414.8405423431
2006-08-02,3446.7444578683
2006-08-03,3416.7506564771
2006-08-04,3463.421309699
2006-08-07,3421.6901840326
2006-08-08,3421.4987065677
2006-08-09,3456.148961576
2006-08-10,3427.4533050483
2006-08-11,3427.3893427613
2006-08-14,3460.5036338138
2006-08-15,3493.6823083679
2006-08-16,3499.206395227
2006-08-17,3497.7157936062
2006-08-18,3487.2184584229
2006-08-21,3486.715345296
2006-08-22,3500.0617116913
2006-08-23,3482.6439619245
2006-08-24,3494.231134263
2006-08-25,3498.87440313
2006-08-28,3514.4033379715
2006-08-29,3517.5900809727
2006-08-30,3535.1733412085
2006-08-31,3522.89179191
2006-09-01,3536.745870966
2006-09-04,3549.2844660034
2006-09-05,3537.2524522731
2006-09-06,3494.77848838
2006-09-07,3461.6020521731
2006-09-08,3472.8178497911
2006-09-11,3454.0432781939
2006-09-12,3499.5327126602
2006-09-13,3506.6572220374
2006-09-14,3496.5781003252
2006-09-15,3503.1025282381
2006-09-18,3504.2003711594
2006-09-19,3480.5677275502
2006-09-20,3524.0685228102
2006-09-21,3538.6501322322
2006-09-22,3497.6326343445
2006-09-25,3496.7131201368
2006-09-26,3542.1775090307
2006-09-27,3552.974252797
2006-09-28,3553.5253911003
2006-09-29,3551.0407876683
2006-10-02,3552.3826493608
2006-10-03,3545.0545394155
2006-10-04,3573.4386643565
2006-10-05,3590.1182958795
2006-10-06,3599.7180751244
2006-10-09,3605.161715265
2006-10-10,3630.4506803136
2006-10-11,3635.1373454522
2006-10-12,3666.6805508085
2006-10-13,3679.1850687601
2006-10-16,3684.2389060618
2006-10-17,3647.5798538562
2006-10-18,3679.8893703178
2006-10-19,3676.4592421476
2006-10-20,3685.6973932533
2006-10-23,3702.4412411872
2006-10-24,3698.3047980143
2006-10-25,3708.4917492052
2006-10-26,3697.3054403308
2006-10-27,3689.3297064911
2006-10-30,3676.6369001252
2006-10-31,3669.1468939112
2006-11-01,3683.1076262705
2006-11-02,3669.382469112
2006-11-03,3679.123691686
2006-11-06,3720.4590083007
2006-11-07,3739.4149414919
2006-11-08,3731.0516881915
2006-11-09,3717.1657921342
2006-11-10,3704.1907800856
2006-11-13,3705.5539081116
2006-11-14,3693.9033650605
2006-11-15,3714.4105404998
2006-11-16,3720.4979824949
2006-11-17,3689.9573273286
2006-11-20,3703.4238385131
2006-11-21,3701.6568216805
2006-11-22,3690.9998182726
2006-11-23,3682.066738174
2006-11-24,3650.8206747341
2006-11-27,3596.4729074088
2006-11-28,3591.6612397941
2006-11-29,3629.6732884673
2006-11-30,3601.9964972827
2006-12-01,3566.3787595326
2006-12-04,3587.9129303096
2006-12-05,3608.98456679
2006-12-06,3610.8605595482
2006-12-07,3626.0183074731
2006-12-08,3629.3028636239
2006-12-11,3650.2813043305
2006-12-12,3664.7940117626
2006-12-13,3687.9417917969
2006-12-14,3714.520712019
2006-12-15,3731.9045316732
2006-12-18,3721.3898911052
2006-12-19,3694.3567912113
2006-12-20,3700.6708153337
2006-12-21,3694.4741164901
2006-12-22,3675.3162734825
2006-12-27,3717.3976531684
2006-12-28,3714.7431085414
2006-12-29,3697.2174940699
2007-01-02,3747.1495383785
2007-01-03,3757.3870727104
2007-01-04,3759.548998692
2007-01-05,3722.6053885907
2007-01-08,3714.5045995382
2007-01-09,3717.3098461823
2007-01-10,3687.5857168398
2007-01-11,3754.5929734112
2007-01-12,3772.0141133891
2007-01-15,3791.8582766593
2007-01-16,3767.8707642884
2007-01-17,3760.1054287879
2007-01-18,3753.3487186601
2007-01-19,3781.4496990385
2007-01-22,3757.0002856896
2007-01-23,3762.230566682
2007-01-24,3798.9737982316
2007-01-25,3789.6010425641
2007-01-26,3759.1947649929
2007-01-29,3765.4792232123
2007-01-30,3784.4925236273
2007-01-31,3760.9006339159
2007-02-01,3805.3840753017
2007-02-02,3819.3415158236
2007-02-05,3824.074657545
2007-02-06,3835.0736610925
2007-02-07,3839.2939087953
2007-02-08,3804.5226717119
2007-02-09,3821.459079649
2007-02-12,3803.6743435267
2007-02-13,3815.8616884478
2007-02-14,3841.1872018043
2007-02-15,3831.155959369
2007-02-16,3827.0595532026
2007-02-19,3838.5827266705
2007-02-20,3828.6223187429
2007-02-21,3796.0287098996
2007-02-22,3806.4621394584
2007-02-23,3816.8758956408
2007-02-26,3831.4506147254
2007-02-27,3731.0088813427
2007-02-28,3665.0837389101
2007-03-01,3634.7921395596
2007-03-02,3613.0304099465
2007-03-05,3580.5240182529
2007-03-06,3617.4442436521
2007-03-07,3626.0694972828
2007-03-08,3671.7330228408
2007-03-09,3675.320596098
2007-03-12,3651.0374455026
2007-03-13,3607.8971235138
2007-03-14,3504.8710718901
2007-03-15,3570.8089186369
2007-03-16,3565.3978428587
2007-03-19,3620.4253239318
2007-03-20,3650.7526414329
2007-03-21,3657.8492156931
2007-03-22,3726.6156923297
2007-03-23,3743.5903322759
2007-03-26,3701.8126904343
2007-03-27,3702.0230192159
2007-03-28,3678.1017131708
2007-03-29,3716.62567198
2007-03-30,3708.8016755369
2007-04-02,3713.0202844365
2007-04-03,3752.3783875656
2007-04-04,3757.2203542014
2007-04-05,3764.1717975882
2007-04-10,3786.3509485231
2007-04-11,3787.1461621337
2007-04-12,3777.2165025238
2007-04-13,3811.6190345065
2007-04-16,3861.2574044459
2007-04-17,3868.485440962
2007-04-18,3852.4743568452
2007-04-19,3839.1573426705
2007-04-20,3895.001565109
2007-04-23,3888.1854037662
2007-04-24,3854.6431367241
2007-04-25,3875.7819742787
2007-04-26,3878.7213428019
2007-04-27,3850.5567009288
2007-04-30,3858.2059856653
2007-05-02,3872.7649466058
2007-05-03,3888.8448321448
2007-05-04,3911.7335436005
2007-05-07,3903.8325443718
2007-05-08,3880.804043895
2007-05-09,3897.1332344838
2007-05-10,3860.9888889959
2007-05-11,3885.7405672981
2007-05-14,3872.6157464522
2007-05-15,3884.6349444051
2007-05-16,3867.5332744929
2007-05-17,3875.3929194272
2007-05-18,3916.5611211377
2007-05-21,3905.6993872254
2007-05-22,3897.3474568922
2007-05-23,3929.5905280482
2007-05-24,3897.2266711162
2007-05-25,3907.137870143
2007-05-28,
2007-05-29,3915.2669742552
2007-05-30,3913.5031395322
2007-05-31,3933.1554997745
2007-06-01,3972.4452168146
2007-06-04,3961.2357882084
2007-06-05,3940.6007345559
2007-06-06,3887.0884441776
2007-06-07,3853.4884049175
2007-06-08,3855.3648357862
2007-06-11,3887.5389378817
2007-06-12,3865.5586604335
2007-06-13,3879.3799040029
2007-06-14,3942.386840778
2007-06-15,3991.8277491011
2007-06-18,3976.8710401682
2007-06-19,3962.9523977452
2007-06-20,3978.7755574183
2007-06-21,3933.9845328128
2007-06-22,3922.8382191312
2007-06-25,3921.7993213001
2007-06-26,3900.1876577679
2007-06-27,3886.9860278633
2007-06-28,3922.4787837216
2007-06-29,3946.9830502679
2007-07-02,3929.7763575429
2007-07-03,3964.1065984978
2007-07-04,3976.4438082909
2007-07-05,3948.2540552941
2007-07-06,3979.3162795971
2007-07-09,3993.6065062722
2007-07-10,3943.8570420507
2007-07-11,3924.3520126133
2007-07-12,3974.6480780918
2007-07-13,3991.9116231875
2007-07-16,3998.9290711024
2007-07-17,3982.3893767574
2007-07-18,3925.2917029674
2007-07-19,3965.0508565531
2007-07-20,3909.9964455708
2007-07-23,3939.2433553181
2007-07-24,3877.4376220911
2007-07-25,3841.5025807193
2007-07-26,3735.1907109418
2007-07-27,3720.3328396643
2007-07-30,3710.7430671835
2007-07-31,3794.2935548071
2007-08-01,3738.6122328504
2007-08-02,3770.9311153244
2007-08-03,3718.3078791254
2007-08-06,3692.2341796385
2007-08-07,3754.9461428146
2007-08-08,3823.0657710255
2007-08-09,3751.4838484943
2007-08-10,3630.0429122197
2007-08-13,3722.1008064013
2007-08-14,3668.0346238748
2007-08-15,3665.7230042834
2007-08-16,3546.6650687733
2007-08-17,3642.6254987457
2007-08-20,3658.1892687563
2007-08-21,3659.664981876
2007-08-22,3705.5249804775
2007-08-23,3708.0501231641
2007-08-24,3717.1953030138
2007-08-27,3721.9418827501
2007-08-28,3656.6263595847
2007-08-29,3676.2335520603
2007-08-30,3716.652288364
2007-08-31,3765.5564639755
2007-09-03,3771.4990235329
2007-09-04,3804.1741516481
2007-09-05,3740.8187288989
2007-09-06,3761.1378532636
2007-09-07,3684.5613527855
2007-09-10,3656.1150284667
2007-09-11,3720.0582934524
2007-09-12,3728.3109622636
2007-09-13,3765.3359390567
2007-09-14,3723.3919509072
2007-09-17,3676.8216710511
2007-09-18,3731.944085129
2007-09-19,3831.7612073651
2007-09-20,3808.993460639
2007-09-21,3822.9418917178
2007-09-24,3819.926848112
2007-09-25,3779.929339965
2007-09-26,3797.6815438275
2007-09-27,3822.3989285008
2007-09-28,3820.3318928432
2007-10-01,3845.9531724115
2007-10-02,3866.0301779102
2007-10-03,3868.0608064256
2007-10-04,3874.7895005476
2007-10-05,3903.7162946626
2007-10-08,3884.7203582934
2007-10-09,3898.5473228481
2007-10-10,3897.1805582324
2007-10-11,3922.8513273016
2007-10-12,3932.4405467067
2007-10-15,3895.8259484594
2007-10-16,3863.651047345
2007-10-17,3878.1010777051
2007-10-18,3848.1436757457
2007-10-19,3819.9005324476
2007-10-22,3777.2444549047
2007-10-23,3800.4949953434
2007-10-24,3778.710978264
2007-10-25,3816.6637669921
2007-10-26,3843.8190382004
2007-10-29,3872.7932470885
2007-10-30,3852.3139881578
2007-10-31,3885.1156653958
2007-11-01,3815.7841638911
2007-11-02,3783.5317158658
2007-11-05,3762.9945539266
2007-11-06,3774.4053315242
2007-11-07,3757.2170195846
2007-11-08,3735.4472751316
2007-11-09,3673.351942891
2007-11-12,3687.4190334911
2007-11-13,3711.869083134
2007-11-14,3733.0478577218
2007-11-15,3692.5935887044
2007-11-16,3660.0196459076
2007-11-19,3592.7949884877
2007-11-20,3627.9561881879
2007-11-21,3537.484758698
2007-11-22,3570.1316830521
2007-11-23,3630.9681750149
2007-11-26,3598.2576505445
2007-11-27,3594.616210966
2007-11-28,3690.7389853553
2007-11-29,3711.0259857531
2007-11-30,3752.6657664232
2007-12-03,3737.7515681
2007-12-04,3690.8220870196
2007-12-05,3755.4477705129
2007-12-06,3755.1449717634
2007-12-07,3786.005885655
2007-12-10,3804.5507918908
2007-12-11,3783.3643350264
2007-12-12,3800.9564361277
2007-12-13,3704.7386798962
2007-12-14,3721.8011487126
2007-12-17,3659.7586940011
2007-12-18,3651.7724713375
2007-12-19,3634.4026238328
2007-12-20,3644.5287918525
2007-12-21,3693.1449485232
2007-12-24,
2007-12-27,3699.8850440528
2007-12-28,3683.2525470422
2007-12-31,3683.791245853
2008-01-02,3634.7144468197
2008-01-03,3641.1173875486
2008-01-04,3579.0534997022
2008-01-07,3593.6265950514
2008-01-08,3614.4774781714
2008-01-09,3578.6849963947
2008-01-10,3554.2305085726
2008-01-11,3539.2001087272
2008-01-14,3539.0312770361
2008-01-15,3458.7666980056
2008-01-16,3432.4210264618
2008-01-17,3402.3823581258
2008-01-18,3351.6511365873
2008-01-21,3138.4833335673
2008-01-22,3201.0295195918
2008-01-23,3092.1689987182
2008-01-24,3259.9944437072
2008-01-25,3246.0062448601
2008-01-28,3212.4653856222
2008-01-29,3256.6938591116
2008-01-30,3237.7686026946
2008-01-31,3240.7510328648
2008-02-01,3300.9686627742
2008-02-04,3300.3488524316
2008-02-05,3202.509357808
2008-02-06,3216.0327652745
2008-02-07,3152.5971835566
2008-02-08,3167.9923916072
2008-02-11,3137.830571686
2008-02-12,3246.930407364
2008-02-13,3241.6673102479
2008-02-14,3237.8277274364
2008-02-15,3167.6384257651
2008-02-18,3236.7031901516
2008-02-19,3240.9928242827
2008-02-20,3197.712346899
2008-02-21,3219.5226869582
2008-02-22,3199.6117157956
2008-02-25,3256.891043647
2008-02-26,3308.611316042
2008-02-27,3301.0201049162
2008-02-28,3239.5785078234
2008-02-29,3188.8243272103
2008-03-03,3143.8958712256
2008-03-04,3095.3701916595
2008-03-05,3140.7693713688
2008-03-06,3089.9983103932
2008-03-07,3057.0871800867
2008-03-10,3023.2534561227
2008-03-11,3059.2868934368
2008-03-12,3097.4926483554
2008-03-13,3055.8082963703
2008-03-14,3017.3068603816
2008-03-17,2873.3281184865
2008-03-18,2986.7441236079
2008-03-19,2951.1457900916
2008-03-20,2941.3167984702
2008-03-25,3036.1505717291
2008-03-26,3010.1825055751
2008-03-27,3046.8243376525
2008-03-28,3029.8634034083
2008-03-31,3017.9837402762
2008-04-01,3128.9478497861
2008-04-02,3176.7073422133
2008-04-03,3165.0172556596
2008-04-04,3180.2279599194
2008-04-07,3209.0881328096
2008-04-08,3186.2210823122
2008-04-09,3166.7748017515
2008-04-10,3154.452174516
2008-04-11,3102.2882123284
2008-04-14,3074.6029442933
2008-04-15,3089.4623467667
2008-04-16,3142.7763525409
2008-04-17,3116.5801539456
2008-04-18,3198.4263417519
2008-04-21,3165.531426172
2008-04-22,3148.6070033393
2008-04-23,3163.869199919
2008-04-24,3166.2940143453
2008-04-25,3210.4503034391
2008-04-28,3229.1943829917
2008-04-29,3213.0421224758
2008-04-30,3237.1999681108
2008-05-02,3294.2801872093
2008-05-05,3281.3421966725
2008-05-06,3262.2028643994
2008-05-07,3286.5041543964
2008-05-08,3275.626917108
2008-05-09,3228.329194993
2008-05-12,3239.3303001066
2008-05-13,3239.0169895597
2008-05-14,3257.9017563192
2008-05-15,3271.4966398774
2008-05-16,3280.4892767958
2008-05-19,3305.3682431223
2008-05-20,3241.7564696858
2008-05-21,3216.663462841
2008-05-22,3229.2706524872
2008-05-23,3169.4322679573
2008-05-26,3162.158468694
2008-05-27,3146.1021542219
2008-05-28,3169.6917303143
2008-05-29,3178.9166654344
2008-05-30,3182.5344315446
2008-06-02,3151.4699387027
2008-06-03,3173.3469084431
2008-06-04,3123.1656664206
2008-06-05,3119.3939705014
2008-06-06,3049.7210310323
2008-06-09,3041.1119016494
2008-06-10,3024.8434266766
2008-06-11,2970.4049392953
2008-06-12,2999.816243134
2008-06-13,3022.1836093714
2008-06-16,3009.3559052654
2008-06-17,3026.1870585797
2008-06-18,2989.4804494537
2008-06-19,2976.3464811543
2008-06-20,2923.3738636286
2008-06-23,2930.995171461
2008-06-24,2926.4792105867
2008-06-25,2958.2740294234
2008-06-26,2888.8755238262
2008-06-27,2876.0557544841
2008-06-30,2906.4156935197
2008-07-01,2850.4873313283
2008-07-02,2840.5639005467
2008-07-03,2873.6844330544
2008-07-04,2837.5752599095
2008-07-07,2868.9994387133
2008-07-08,2837.8200965603
2008-07-09,2885.7149128846
2008-07-10,2833.721433512
2008-07-11,2756.0920675844
2008-07-14,2770.3929367085
2008-07-15,2710.8482302476
2008-07-16,2715.6209692311
2008-07-17,2787.4870153768
2008-07-18,2836.165596693
2008-07-21,2850.9444350608
2008-07-22,2831.3293420117
2008-07-23,2890.6794626659
2008-07-24,2859.8842702533
2008-07-25,2857.209117
2008-07-28,2826.9439636016
2008-07-29,2840.0960645123
2008-07-30,2882.4748113433
2008-07-31,2881.3520379533
2008-08-01,2852.5561099055
2008-08-04,2823.9413274398
2008-08-05,2898.8616997015
2008-08-06,2918.2989042503
2008-08-07,2911.5833347463
2008-08-08,2928.3070801408
2008-08-11,2962.6744243657
2008-08-12,2955.3121774913
2008-08-13,2887.6865430906
2008-08-14,2902.0677313111
2008-08-15,2905.8790768526
2008-08-18,2905.5961033025
2008-08-19,2835.3830277753
2008-08-20,2846.729358388
2008-08-21,2818.8723268639
2008-08-22,2868.6998809891
2008-08-25,2853.1794524477
2008-08-26,2861.431797533
2008-08-27,2868.8154736906
2008-08-28,2911.523626827
2008-08-29,2915.6383692734
2008-09-01,2902.1684980117
2008-09-02,2925.110477918
2008-09-03,2883.7202070578
2008-09-04,2811.9264059497
2008-09-05,2754.3997437316
2008-09-08,2846.4636148484
2008-09-09,2842.1327992002
2008-09-10,2820.5340959489
2008-09-11,2807.5427865129
2008-09-12,2858.6803094988
2008-09-15,2744.8133466362
2008-09-16,2658.7738915064
2008-09-17,2597.6518349771
2008-09-18,2569.4521223579
2008-09-19,2809.3799165682
2008-09-22,2745.3163866421
2008-09-23,2710.1087821766
2008-09-24,2690.5434112801
2008-09-25,2761.7544741252
2008-09-26,2722.0681265211
2008-09-29,2588.7179366844
2008-09-30,2635.1313044368
2008-10-01,2663.0818351489
2008-10-02,2629.1683952768
2008-10-03,2726.6684362378
2008-10-06,2522.7860034843
2008-10-07,2527.1154794385
2008-10-08,2360.3841324706
2008-10-09,2291.770588767
2008-10-10,2094.5034017477
2008-10-13,2319.8531713981
2008-10-14,2408.7483006488
2008-10-15,2249.505830492
2008-10-16,2137.3851969172
2008-10-17,2266.1410745711
2008-10-20,2368.5527947922
2008-10-21,2343.8644291949
2008-10-22,2226.8502168987
2008-10-23,2226.6808584095
2008-10-24,2118.3250132801
2008-10-27,2058.1598808923
2008-10-28,2061.7352089778
2008-10-29,2266.147644778
2008-10-30,2263.8643157543
2008-10-31,2331.426435544
2008-11-03,2339.8860285181
2008-11-04,2436.0076880434
2008-11-05,2373.582256281
2008-11-06,2241.5031078544
2008-11-07,2284.2176107886
2008-11-10,2299.3554861575
2008-11-11,2209.2777866778
2008-11-12,2137.9606480829
2008-11-13,2133.282542117
2008-11-14,2154.0184491728
2008-11-17,2096.667481223
2008-11-18,2127.8876519872
2008-11-19,2032.2930221385
2008-11-20,1955.9855054944
2008-11-21,1894.3094849828
2008-11-24,2075.8846965352
2008-11-25,2085.3981709903
2008-11-26,2084.7520327177
2008-11-27,2128.8637862214
2008-11-28,2159.0395724687
2008-12-01,2029.6583572523
2008-12-02,2065.3920003853
2008-12-03,2081.2794888939
2008-12-04,2071.7443813116
2008-12-05,1993.1905540021
2008-12-08,2139.6398585692
2008-12-09,2161.8334803884
2008-12-10,2157.6363401812
2008-12-11,2141.8720373205
2008-12-12,2079.8266265342
2008-12-15,2068.1903532503
2008-12-16,2089.6734710438
2008-12-17,2063.6302474753
2008-12-18,2058.8403126182
2008-12-19,2052.9778225666
2008-12-22,2024.0653607011
2008-12-23,2015.1624689031
2008-12-24,2009.0809387294
2008-12-29,2023.2567847237
2008-12-30,2065.4603762743
2008-12-31,2083.8986298457
2009-01-02,2143.5704588292
2009-01-05,2183.3505133694
2009-01-06,2216.6202093468
2009-01-07,2184.0998270037
2009-01-08,2171.5281904398
2009-01-09,2158.9468053292
2009-01-12,2129.1764081936
2009-01-13,2105.542647275
2009-01-14,2010.2799788726
2009-01-15,1987.3130123269
2009-01-16,2005.8892191311
2009-01-19,1973.9897964051
2009-01-20,1935.8805025514
2009-01-21,1916.8458505201
2009-01-22,1898.4620659646
2009-01-23,1901.7734144184
2009-01-26,1963.7839452441
2009-01-27,1963.8344900673
2009-01-28,2020.4992064285
2009-01-29,1984.4738568928
2009-01-30,1983.4805913064
2009-02-02,1938.308044002
2009-02-03,1976.8102020653
2009-02-04,2018.2370231682
2009-02-05,2012.7146595943
2009-02-06,2045.7631070397
2009-02-09,2045.2299815929
2009-02-10,1991.0661235207
2009-02-11,1984.2633379331
2009-02-12,1961.5672022991
2009-02-13,1966.2717360638
2009-02-16,1939.3900815492
2009-02-17,1893.0793402579
2009-02-18,1889.8567005863
2009-02-19,1886.2830317594
2009-02-20,1814.4795181322
2009-02-23,1801.2895896767
2009-02-24,1776.4157743296
2009-02-25,1769.6822154287
2009-02-26,1811.3403695465
2009-02-27,1770.4099227384
2009-03-02,1670.8430271902
2009-03-03,1642.6256829641
2009-03-04,1704.5005683487
2009-03-05,1646.7234309537
2009-03-06,1629.1806663759
2009-03-09,1614.7536092553
2009-03-10,1702.529945583
2009-03-11,1702.5999660738
2009-03-12,1715.6460208307
2009-03-13,1731.2507867584
2009-03-16,1784.7766822752
2009-03-17,1771.9670582015
2009-03-18,1757.5624052804
2009-03-19,1763.6371399914
2009-03-20,1765.6697563729
2009-03-23,1829.3360419602
2009-03-24,1832.1530824626
2009-03-25,1837.9441813513
2009-03-26,1843.7079310604
2009-03-27,1822.9940630266
2009-03-30,1750.8873824869
2009-03-31,1815.9898220952
2009-04-01,1836.1444799602
2009-04-02,1928.287806747
2009-04-03,1895.7490601956
2009-04-06,1881.5117476996
2009-04-07,1872.3830334189
2009-04-08,1876.6955879923
2009-04-09,1917.7677344781
2009-04-14,1943.3984653554
2009-04-15,1937.7491409306
2009-04-16,1972.1542101444
2009-04-17,1996.0414162017
2009-04-20,1931.7607079173
2009-04-21,1933.4826902352
2009-04-22,1947.1320195508
2009-04-23,1934.0167955385
2009-04-24,1982.2209030939
2009-04-27,1993.3266005589
2009-04-28,1966.5845399302
2009-04-29,1997.498838648
2009-04-30,2026.9733694864
2009-05-04,2054.4649548192
2009-05-05,2066.0231333081
2009-05-06,2094.9146583301
2009-05-07,2075.3671183668
2009-05-08,2110.2889259382
2009-05-11,2091.0916605468
2009-05-12,2090.5984905595
2009-05-13,2045.895780702
2009-05-14,2049.778816063
2009-05-15,2055.0273030466
2009-05-18,2107.3507642092
2009-05-19,2132.7967623153
2009-05-20,2142.7677902826
2009-05-21,2098.7640094827
2009-05-22,2094.2464066041
2009-05-25,2100.7168413052
2009-05-26,2125.5477642856
2009-05-27,2138.4660449864
2009-05-28,2117.7945995468
2009-05-29,2124.8048926345
2009-06-01,2186.0688054517
2009-06-02,2175.8644704916
2009-06-03,2132.9510714081
2009-06-04,2131.0975723822
2009-06-05,2146.3452481287
2009-06-08,2135.5852381664
2009-06-09,2145.1104889181
2009-06-10,2169.7417035587
2009-06-11,2194.2377032079
2009-06-12,2192.106972712
2009-06-15,2136.5071291546
2009-06-16,2132.91196789
2009-06-17,2097.8146122624
2009-06-18,2111.6887650895
2009-06-19,2138.2483322729
2009-06-22,2084.321222186
2009-06-23,2072.3777559664
2009-06-24,2118.5694604562
2009-06-25,2094.2012454959
2009-06-26,2087.9719698982
2009-06-29,2124.1998519624
2009-06-30,2098.2797603035
2009-07-01,2135.9962395558
2009-07-02,2075.9665682034
2009-07-03,2077.2771937753
2009-07-06,2055.5670246217
2009-07-07,2040.7063492504
2009-07-08,2022.8038232749
2009-07-09,2040.7920106413
2009-07-10,2016.2531857791
2009-07-13,2057.0569931623
2009-07-14,2083.676311092
2009-07-15,2141.9023852561
2009-07-16,2149.4308513026
2009-07-17,2158.7706028854
2009-07-20,2185.4209344021
2009-07-21,2197.4348218367
2009-07-22,2202.5020870722
2009-07-23,2250.1204491251
2009-07-24,2248.1541677093
2009-07-27,2262.4131005572
2009-07-28,2240.9506129485
2009-07-29,2256.2105772975
2009-07-30,2306.6482874725
2009-07-31,2291.3924878724
2009-08-03,2328.0893033491
2009-08-04,2324.42209946
2009-08-05,2307.2742582792
2009-08-06,2318.7281038579
2009-08-07,2356.8727260159
2009-08-10,2343.451755668
2009-08-11,2315.690836452
2009-08-12,2334.6117344516
2009-08-13,2347.1280032126
2009-08-14,2325.1682753713
2009-08-17,2281.6261747196
2009-08-18,2313.7677813985
2009-08-19,2306.8563483459
2009-08-20,2334.5637780301
2009-08-21,2387.6283988447
2009-08-24,2403.2558026258
2009-08-25,2415.3965191
2009-08-26,2401.6404856826
2009-08-27,2394.8424610125
2009-08-28,2412.0176701439
2009-08-31,2401.5742587765
2009-09-01,2353.2028475469
2009-09-02,2353.2819020576
2009-09-03,2349.6125601413
2009-09-04,2383.8025342057
2009-09-07,2408.5815373361
2009-09-08,2412.4500714889
2009-09-09,2432.5405892478
2009-09-10,2434.6826229507
2009-09-11,2445.2055625378
2009-09-14,2438.9540604294
2009-09-15,2440.4041568643
2009-09-16,2473.4815915768
2009-09-17,2485.6031061136
2009-09-18,2475.4325078401
2009-09-21,2461.1365359054
2009-09-22,2472.1427948639
2009-09-23,2476.6238981222
2009-09-24,2426.9558835079
2009-09-25,2421.3151551273
2009-09-28,2469.6816162363
2009-09-29,2474.2271411131
2009-09-30,2453.8845772592
2009-10-01,2411.3178390326
2009-10-02,2369.5398653778
2009-10-05,2388.3635395558
2009-10-06,2438.1524804105
2009-10-07,2424.8382063898
2009-10-08,2451.0426677361
2009-10-09,2440.5863756185
2009-10-12,2456.8899784496
2009-10-13,2432.5689333343
2009-10-14,2489.9943116491
2009-10-15,2490.2982713076
2009-10-16,2468.5847738461
2009-10-19,2514.713436505
2009-10-20,2500.9975962977
2009-10-21,2518.0573581904
2009-10-22,2490.5607772918
2009-10-23,2474.4401786175
2009-10-26,2445.4262264477
2009-10-27,2462.6005229509
2009-10-28,2426.3819577916
2009-10-29,2463.5439041889
2009-10-30,2409.5249206194
2009-11-02,2421.2853525529
2009-11-03,2387.9946418977
2009-11-04,2420.0145166953
2009-11-05,2434.3044469827
2009-11-06,2439.1199990373
2009-11-09,2488.6287015056
2009-11-10,2489.510595993
2009-11-11,2494.347977622
2009-11-12,2497.2510685325
2009-11-13,2509.5977172922
2009-11-16,2546.3723534082
2009-11-17,2536.8414747463
2009-11-18,2527.4923642567
2009-11-19,2488.7065834164
2009-11-20,2467.9878682943
2009-11-23,2522.5361149187
2009-11-24,2505.6217241945
2009-11-25,2521.291743754
2009-11-26,2440.2333066546
2009-11-27,2465.2781284564
2009-11-30,2432.4531403771
2009-12-01,2495.5744355797
2009-12-02,2502.9465949461
2009-12-03,2497.0067559018
2009-12-04,2526.7774954674
2009-12-07,2513.2959772923
2009-12-08,2474.0237335653
2009-12-09,2448.1654807212
2009-12-10,2474.6621171498
2009-12-11,2483.6978791902
2009-12-14,2505.5689298985
2009-12-15,2505.8219447075
2009-12-16,2542.5099029541
2009-12-17,2508.5304134771
2009-12-18,2503.1393736518
2009-12-21,2543.2416441806
2009-12-22,2561.420427652
2009-12-23,2572.8939052001
2009-12-24,2575.8829102711
2009-12-28,2589.9116880032
2009-12-29,2593.9200830734
2009-12-30,2578.922707254
2009-12-31,2585.3345120851
2010-01-04,2622.5404131576
2010-01-05,2616.8863989643
2010-01-06,2617.3451409823
2010-01-07,2617.8796535747
2010-01-08,2629.3350842337
2010-01-11,2623.8536424446
2010-01-12,2603.5849035777
2010-01-13,2602.1733032421
2010-01-14,2620.437479086
2010-01-15,2589.8566517169
2010-01-18,2607.6778401543
2010-01-19,2634.0975430875
2010-01-20,2590.68042345
2010-01-21,2553.2709271661
2010-01-22,2522.7576723249
2010-01-25,2499.2250106328
2010-01-26,2515.3112966975
2010-01-27,2488.815100186
2010-01-28,2454.1183244688
2010-01-29,2478.5064685123
2010-02-01,2490.8340993923
2010-02-02,2512.195757532
2010-02-03,2495.8157725205
2010-02-04,2425.1349529296
2010-02-05,2373.235045451
2010-02-08,2398.569020134
2010-02-09,2397.773455723
2010-02-10,2415.9699184435
2010-02-11,2424.5392191167
2010-02-12,2421.8071770649
2010-02-15,2436.6610763325
2010-02-16,2465.4559444808
2010-02-17,2494.6206098116
2010-02-18,2510.9856703283
2010-02-19,2522.3404049814
2010-02-22,2510.6064656356
2010-02-23,2477.8195067545
2010-02-24,2486.1549256007
2010-02-25,2444.5256696174
2010-02-26,2470.1824426629
2010-03-01,2496.0627050577
2010-03-02,2514.7771333174
2010-03-03,2532.6577501866
2010-03-04,2533.2559820352
2010-03-05,2576.6769263113
2010-03-08,2575.0678362206
2010-03-09,2577.2708086367
2010-03-10,2588.6636633832
2010-03-11,2578.0093915735
2010-03-12,2581.566057037
2010-03-15,2565.3027708956
2010-03-16,2590.3367712652
2010-03-17,2614.9746377364
2010-03-18,2614.1914081542
2010-03-19,2598.5674004574
2010-03-22,2598.8472770598
2010-03-23,2611.1954439519
2010-03-24,2614.8979015638
2010-03-25,2640.6173121411
2010-03-26,2625.1563066371
2010-03-29,2630.9691518425
2010-03-30,2633.7436412804
2010-03-31,2629.1553184228
2010-04-01,2668.8156263322
2010-04-06,2678.5961529432
2010-04-07,2668.3612285958
2010-04-08,2646.8437844702
2010-04-09,2681.7583662535
2010-04-12,2680.0934978462
2010-04-13,2673.9410391368
2010-04-14,2691.17076013
2010-04-15,2711.8356271602
2010-04-16,2660.4510645724
2010-04-19,2643.8173752531
2010-04-20,2674.7187192168
2010-04-21,2652.5543465921
2010-04-22,2616.7905849528
2010-04-23,2628.5972078296
2010-04-26,2654.6484188641
2010-04-27,2566.1726336385
2010-04-28,2543.2800219852
2010-04-29,2563.3826304361
2010-04-30,2541.2223407382
2010-05-03,2542.6552940705
2010-05-04,2466.6856640532
2010-05-05,2457.5720992747
2010-05-06,2416.9135216635
2010-05-07,2327.6603675417
2010-05-10,2498.3989453547
2010-05-11,2484.0050510637
2010-05-12,2506.1712594753
2010-05-13,2513.2066044218
2010-05-14,2421.4325531046
2010-05-17,2424.7893884997
2010-05-18,2456.9191289889
2010-05-19,2386.7287075246
2010-05-20,2343.0764433476
2010-05-21,2326.4755959343
2010-05-24,2330.7186745264
2010-05-25,2285.1319336999
2010-05-26,2328.7054950201
2010-05-27,2398.8512203503
2010-05-28,2389.3168650985
2010-05-31,2397.1769605206
2010-06-01,2392.9236893686
2010-06-02,2389.6245263548
2010-06-03,2418.5528525746
2010-06-04,2375.5552768769
2010-06-07,2362.1655774235
2010-06-08,2338.5055593203
2010-06-09,2373.0645664744
2010-06-10,2400.510920074
2010-06-11,2420.7978500297
2010-06-14,2442.7333587804
2010-06-15,2458.3229426525
2010-06-16,2461.1510776544
2010-06-17,2468.9374113875
2010-06-18,2468.7131956943
2010-06-21,2495.7922654472
2010-06-22,2482.1746807776
2010-06-23,2457.8465599564
2010-06-24,2414.3738963377
2010-06-25,2399.2395821336
2010-06-28,2431.082383559
2010-06-29,2356.8063541395
2010-06-30,2359.6577409591
2010-07-01,2304.6077761002
2010-07-02,2296.634597169
2010-07-05,2287.9210085326
2010-07-06,2348.0796472302
2010-07-07,2389.3925147439
2010-07-08,2417.6389804073
2010-07-09,2430.1460542243
2010-07-12,2442.8881565363
2010-07-13,2486.6860106973
2010-07-14,2486.3384128207
2010-07-15,2456.1333811244
2010-07-16,2404.8758842434
2010-07-19,2387.0070409156
2010-07-20,2395.0212734786
2010-07-21,2413.4646581228
2010-07-22,2463.2568368129
2010-07-23,2472.483314866
2010-07-26,2483.7962898471
2010-07-27,2501.0624559004
2010-07-28,2497.9297956193
2010-07-29,2486.7860402568
2010-07-30,2476.1955539813
2010-08-02,2544.6167417691
2010-08-03,2542.8710692784
2010-08-04,2544.7427837697
2010-08-05,2536.3700214369
2010-08-06,2511.9771090227
2010-08-09,2551.0908051257
2010-08-10,2533.0666087935
2010-08-11,2486.5077312543
2010-08-12,2493.7876717658
2010-08-13,2502.4260983929
2010-08-16,2500.3196396577
2010-08-17,2518.4895576562
2010-08-18,2506.0401196209
2010-08-19,2466.9637502096
2010-08-20,2458.4188925137
2010-08-23,2475.6894356868
2010-08-24,2434.1092278934
2010-08-25,2416.9056782169
2010-08-26,2433.6766901022
2010-08-27,2447.6127346832
2010-08-30,2447.4415090703
2010-08-31,2449.5684304888
2010-09-01,2513.7289566605
2010-09-02,2510.0782123163
2010-09-03,2537.2207341174
2010-09-06,2541.0009830812
2010-09-07,2531.4569200255
2010-09-08,2555.9223207382
2010-09-09,2581.5332170969
2010-09-10,2573.0347633526
2010-09-13,2588.9188179747
2010-09-14,2587.2214150508
2010-09-15,2573.642441291
2010-09-16,2553.2070569367
2010-09-17,2537.2264514561
2010-09-20,2571.0444880411
2010-09-21,2552.7097552421
2010-09-22,2514.4397913179
2010-09-23,2515.4271805827
2010-09-24,2539.0339471569
2010-09-27,2527.517708327
2010-09-28,2517.240839
2010-09-29,2497.2529764344
2010-09-30,2482.1827518662
2010-10-01,2481.21977928
2010-10-04,2467.063932
2010-10-05,2503.417242066
2010-10-06,2514.9618975479
2010-10-07,2515.2690648987
2010-10-08,2515.2368048979
2010-10-11,2520.2339761061
2010-10-12,2513.9155494237
2010-10-13,2553.418801363
2010-10-14,2543.3927942113
2010-10-15,2548.4151472906
2010-10-18,2562.5629205951
2010-10-19,2550.7703755779
2010-10-20,2559.5165406792
2010-10-21,2561.5330541768
2010-10-22,2550.7049076143
2010-10-25,2553.4488223979
2010-10-26,2549.7292136021
2010-10-27,2530.670649458
2010-10-28,2543.1419893459
2010-10-29,2542.7611391603
2010-11-01,2541.7722606431
2010-11-02,2557.3782645275
2010-11-03,2547.1611308216
2010-11-04,2590.7036105602
2010-11-05,2605.1034925782
2010-11-08,2603.6259682887
2010-11-09,2615.7850225882
2010-11-10,2593.845917037
2010-11-11,2596.524061033
2010-11-12,2582.6110417967
2010-11-15,2603.3093462101
2010-11-16,2539.624738259
2010-11-17,2551.6219562711
2010-11-18,2587.9337489255
2010-11-19,2563.2804219954
2010-11-22,2545.0708812418
2010-11-23,2503.8113105705
2010-11-24,2526.2181372605
2010-11-25,2539.1485998668
2010-11-26,2525.6935470561
2010-11-29,2483.0574713538
2010-11-30,2477.6311997691
2010-12-01,2526.2204240158
2010-12-02,2564.1246406858
2010-12-03,2553.8032332572
2010-12-06,2554.6318646041
2010-12-07,2576.9728230106
2010-12-08,2592.7542812931
2010-12-09,2613.6767274046
2010-12-10,2610.7318553205
2010-12-13,2615.4694679675
2010-12-14,2626.5247617493
2010-12-15,2613.6920990055
2010-12-16,2623.360254012
2010-12-17,2604.603472093
2010-12-20,2621.9125110419
2010-12-21,2647.9892179894
2010-12-22,2649.6562842331
2010-12-23,2654.7965553409
2010-12-24,2652.5209680165
2010-12-27,2629.3721127996
2010-12-28,2636.3956799467
2010-12-29,2640.3843814094
2010-12-30,2600.8985218717
2010-12-31,2586.4579262969
2011-01-03,2602.9175861248
2011-01-04,2632.0949318144
2011-01-05,2641.7106979061
2011-01-06,2653.4267462186
2011-01-07,2643.0392988485
2011-01-10,2617.6541552726
2011-01-11,2644.8109981451
2011-01-12,2693.8340423495
2011-01-13,2683.8584203166
2011-01-14,2679.8773492468
2011-01-17,2684.7289080579
2011-01-18,2710.8439877939
2011-01-19,2676.6495326413
2011-01-20,2651.0302786493
2011-01-21,2672.5127340187
2011-01-24,2688.713095756
2011-01-25,2664.3396474406
2011-01-26,2679.0472971614
2011-01-27,2681.4133810814
2011-01-28,2656.7878531673
2011-01-31,2654.4744615472
2011-02-01,2696.1264615937
2011-02-02,2710.977597011
2011-02-03,2711.0857591215
2011-02-04,2716.3772800201
2011-02-07,2740.5681489085
2011-02-08,2738.6717981376
2011-02-09,2720.5589302986
2011-02-10,2715.5911349755
2011-02-11,2721.6665260504
2011-02-14,2727.8800797153
2011-02-15,2741.3609426345
2011-02-16,2758.8194434381
2011-02-17,2768.6486022682
2011-02-18,2762.4384597228
2011-02-21,2724.2855009795
2011-02-22,2706.9480987936
2011-02-23,2684.8112671123
2011-02-24,2667.5193622194
2011-02-25,2694.9335866966
2011-02-28,2713.4761895167
2011-03-01,2690.9868819265
2011-03-02,2675.7467764452
2011-03-03,2681.9975248813
2011-03-04,2661.4195907323
2011-03-07,2644.2249324452
2011-03-08,2654.7254264391
2011-03-09,2637.2644037095
2011-03-10,2611.7977897488
2011-03-11,2594.8308104333
2011-03-14,2566.8053360571
2011-03-15,2510.0371145501
2011-03-16,2466.4864428205
2011-03-17,2514.8514451839
2011-03-18,2507.6478532426
2011-03-21,2554.6314183286
2011-03-22,2551.6634713556
2011-03-23,2566.0731989988
2011-03-24,2591.6403018093
2011-03-25,2596.5641192767
2011-03-28,2599.2061248193
2011-03-29,2598.5067099547
2011-03-30,2614.8988068936
2011-03-31,2582.8965895479
2011-04-01,2623.8387396454
2011-04-04,2620.7824860301
2011-04-05,2626.600318477
2011-04-06,2635.6191485053
2011-04-07,2639.3560403895
2011-04-08,2647.9523757206
2011-04-11,2645.6897936254
2011-04-12,2601.2862991411
2011-04-13,2615.8400598926
2011-04-14,2602.6631784422
2011-04-15,2610.8957050127
2011-04-18,2562.2390014766
2011-04-19,2570.4494613404
2011-04-20,2613.3639139036
2011-04-21,2626.7219061135
2011-04-26,2634.7361198893
2011-04-27,2648.0403129567
2011-04-28,2655.5983817281
2011-04-29,2661.3742254485
2011-05-02,2660.4905313169
2011-05-03,2651.58145094
2011-05-04,2614.837815865
2011-05-05,2608.6792794682
2011-05-06,2640.2319592
2011-05-09,2627.2778517437
2011-05-10,2647.6460212791
2011-05-11,2653.4463101876
2011-05-12,2637.3098146347
2011-05-13,2619.1564800047
2011-05-16,2619.0831550424
2011-05-17,2594.7971488693
2011-05-18,2606.6497256504
2011-05-19,2621.114829293
2011-05-20,2618.1794132458
2011-05-23,2575.7494661259
2011-05-24,2580.2316127894
2011-05-25,2602.6688979646
2011-05-26,2602.0052280521
2011-05-27,2617.6839086065
2011-05-30,2614.5778391618
2011-05-31,2631.8667128719
2011-06-01,2603.3532754545
2011-06-02,2563.2547880791
2011-06-03,2555.8512399052
2011-06-06,2540.2600676266
2011-06-07,2537.5134719052
2011-06-08,2516.956884029
2011-06-09,2541.8174657859
2011-06-10,2508.7731470788
2011-06-13,2516.1219790271
2011-06-14,2535.968586993
2011-06-15,2510.1483247509
2011-06-16,2507.6241395451
2011-06-17,2514.1023573437
2011-06-20,2507.8436696463
2011-06-21,2540.219309386
2011-06-22,2525.4936836188
2011-06-23,2491.561230911
2011-06-24,2485.473525246
2011-06-27,2487.0271294851
2011-06-28,2495.9348462182
2011-06-29,2532.603993509
2011-06-30,2561.3668054571
2011-07-01,2580.652998099
2011-07-04,2581.9664850143
2011-07-05,2583.3625972953
2011-07-06,2581.698744282
2011-07-07,2588.9887248195
2011-07-08,2570.8464096254
2011-07-11,2542.8558075877
2011-07-12,2527.0607471704
2011-07-13,2537.4409894655
2011-07-14,2522.6731799157
2011-07-15,2515.9047550541
2011-07-18,2473.724588208
2011-07-19,2492.284178539
2011-07-20,2526.4248306974
2011-07-21,2553.3313395211
2011-07-22,2562.7963996196
2011-07-25,2554.8028039937
2011-07-26,2550.6616113309
2011-07-27,2523.563828115
2011-07-28,2530.8382299205
2011-07-29,2510.8539543511
2011-08-01,2486.5967061443
2011-08-02,2447.5125327279
2011-08-03,2400.2289213256
2011-08-04,2327.9414301869
2011-08-05,2280.7575647872
2011-08-08,2199.0067026067
2011-08-09,2217.7639219149
2011-08-10,2118.8540916921
2011-08-11,2166.3234087039
2011-08-12,2248.3779618173
2011-08-15,2245.7494894272
2011-08-16,2256.2388013316
2011-08-17,2259.1361748347
2011-08-18,2161.5710636253
2011-08-19,2121.5052052739
2011-08-22,2143.5010006251
2011-08-23,2164.2281409693
2011-08-24,2187.5390537642
2011-08-25,2159.8127307152
2011-08-26,2140.9052136151
2011-08-29,2157.8468663835
2011-08-30,2179.4512598433
2011-08-31,2238.2429600352
2011-09-01,2256.9477836984
2011-09-02,2202.4704229993
2011-09-05,2108.0357308654
2011-09-06,2091.5045575103
2011-09-07,2148.8612778288
2011-09-08,2163.8772099809
2011-09-09,2108.7576127801
2011-09-12,2055.0505986094
2011-09-13,2082.5140649037
2011-09-14,2106.7649870478
2011-09-15,2149.1160756092
2011-09-16,2162.9994533716
2011-09-19,2117.2311456174
2011-09-20,2156.5977698579
2011-09-21,2117.6284441286
2011-09-22,2028.0311079459
2011-09-23,2050.1197870028
2011-09-26,2094.0826628633
2011-09-27,2181.6005805715
2011-09-28,2163.2491769507
2011-09-29,2178.7073564978
2011-09-30,2159.6982973246
2011-10-03,2137.8087709955
2011-10-04,2090.556055719
2011-10-05,2150.8883274309
2011-10-06,2205.6179576371
2011-10-07,2222.3206606116
2011-10-10,2254.2959878355
2011-10-11,2249.4908636062
2011-10-12,2277.5468421329
2011-10-13,2256.2201145933
2011-10-14,2270.3333774064
2011-10-17,2257.5803127885
2011-10-18,2243.155585451
2011-10-19,2259.5280003972
2011-10-20,2228.8824195541
2011-10-21,2279.0063345543
2011-10-24,2298.8868009871
2011-10-25,2283.0867046395
2011-10-26,2289.0996060071
2011-10-27,2362.6408069768
2011-10-28,2361.808224618
2011-10-31,2317.9966903704
2011-11-01,2251.5223955303
2011-11-02,2266.1125891722
2011-11-03,2303.7195098688
2011-11-04,2281.3183269363
2011-11-07,2265.3209596459
2011-11-08,2286.5942962426
2011-11-09,2253.1639484181
2011-11-10,2244.9073560237
2011-11-11,2291.187960944
2011-11-14,2272.345566113
2011-11-15,2263.2117935299
2011-11-16,2267.3066354596
2011-11-17,2245.6886780158
2011-11-18,2229.551327496
2011-11-21,2164.0430656345
2011-11-22,2149.3390382643
2011-11-23,2123.8571991693
2011-11-24,2114.5473658736
2011-11-25,2132.1807003297
2011-11-28,2208.8852119128
2011-11-29,2224.7023065608
2011-11-30,2298.9974982703
2011-12-01,2287.12390173
2011-12-02,2310.1049169679
2011-12-05,2324.7834634315
2011-12-06,2323.3252973679
2011-12-07,2322.4593252738
2011-12-08,2298.0891432941
2011-12-09,2324.0360209388
2011-12-12,2288.0846988659
2011-12-13,2303.061851959
2011-12-14,2263.4906718482
2011-12-15,2285.2732322287
2011-12-16,2270.2587409348
2011-12-19,2272.5257542515
2011-12-20,2306.9192965024
2011-12-21,2296.2123249694
2011-12-22,2321.6326864476
2011-12-23,2343.1102355358
2011-12-27,2344.3048264205
2011-12-28,2329.4746987388
2011-12-29,2352.191850717
2011-12-30,2369.5187325626
2012-01-02,2389.687564235
2012-01-03,2427.3092508645
2012-01-04,2418.4082260655
2012-01-05,2398.5484803569
2012-01-06,2400.1544484911
2012-01-09,2385.7256919372
2012-01-10,2425.6792047348
2012-01-11,2412.5999765157
2012-01-12,2398.8359997017
2012-01-13,2396.8931737353
2012-01-16,2417.2191904141
2012-01-17,2436.4644395217
2012-01-18,2436.0007938765
2012-01-19,2459.1791531857
2012-01-20,2447.946267211
2012-01-23,2454.1497904932
2012-01-24,2452.4784886643
2012-01-25,2433.8160189446
2012-01-26,2453.521556098
2012-01-27,2428.8807490204
2012-01-30,2409.2267340646
2012-01-31,2422.2810467696
2012-02-01,2463.2329842091
2012-02-02,2461.7829328186
2012-02-03,2500.4724396745
2012-02-06,2501.9592831709
2012-02-07,2497.0998380358
2012-02-08,2485.656883552
2012-02-09,2490.1824524505
2012-02-10,2468.051978428
2012-02-13,2489.8584447383
2012-02-14,2484.1526828873
2012-02-15,2492.2496415803
2012-02-16,2497.1084405969
2012-02-17,2503.9925188496
2012-02-20,2517.7367040781
2012-02-21,2510.8837652288
2012-02-22,2488.6881552491
2012-02-23,2486.5380453544
2012-02-24,2486.2960821068
2012-02-27,2481.1648063862
2012-02-28,2481.6440040742
2012-02-29,2476.5221081725
2012-03-01,2504.5207179291
2012-03-02,2503.4722250936
2012-03-05,2493.4823436471
2012-03-06,2438.6526853079
2012-03-07,2446.0137548259
2012-03-08,2477.1132557576
2012-03-09,2489.1887705628
2012-03-12,2484.9438906367
2012-03-13,2527.1816991085
2012-03-14,2533.700497223
2012-03-15,2538.9796123896
2012-03-16,2549.975907434
2012-03-19,2548.9156632862
2012-03-20,2522.4400107904
2012-03-21,2521.2107689713
2012-03-22,2494.6057960262
2012-03-23,2488.8687794998
2012-03-26,2506.3817466401
2012-03-27,2493.6528126208
2012-03-28,2468.5239873443
2012-03-29,2439.725353713
2012-03-30,2458.6151558801
2012-04-02,2496.7800286408
2012-04-03,2468.155011085
2012-04-04,2427.5047141025
2012-04-05,2427.3103436733
2012-04-10,2370.8788035283
2012-04-11,2385.1776241966
2012-04-12,2403.1154009727
2012-04-13,2369.2561711722
2012-04-16,2380.2844974764
2012-04-17,2427.9097510653
2012-04-18,2417.8021345826
2012-04-19,2406.1869461027
2012-04-20,2425.039564957
2012-04-23,2377.6478655227
2012-04-24,2396.850948833
2012-04-25,2406.773559758
2012-04-26,2410.2127349379
2012-04-27,2423.4104154697
2012-04-30,2404.5457914897
2012-05-02,2406.077855299
2012-05-03,2406.8958350693
2012-05-04,2370.0958145732
2012-05-07,2386.2694902932
2012-05-08,2350.8966480251
2012-05-09,2342.4803966039
2012-05-10,2352.4525089902
2012-05-11,2361.8488624802
2012-05-14,2324.5534745624
2012-05-15,2311.3357830799
2012-05-16,2294.5724843906
2012-05-17,2269.1656089658
2012-05-18,2249.1465994942
2012-05-21,2253.590840508
2012-05-22,2295.0692252837
2012-05-23,2251.6240843181
2012-05-24,2278.4270633235
2012-05-25,2284.3450101358
2012-05-28,2278.2726513413
2012-05-29,2289.3500837058
2012-05-30,2257.7818601533
2012-05-31,2257.1820454835
2012-06-01,2221.5813608952
2012-06-04,2213.4747793871
2012-06-05,2217.4358313316
2012-06-06,2264.4151344719
2012-06-07,2285.6230342002
2012-06-08,2280.3083019138
2012-06-11,2283.4586871715
2012-06-12,2308.3517931104
2012-06-13,2310.0431647319
2012-06-14,2303.1251263296
2012-06-15,2320.2635083111
2012-06-18,2321.9685255979
2012-06-19,2358.1203289886
2012-06-20,2364.6050376554
2012-06-21,2353.3687377433
2012-06-22,2341.6420580402
2012-06-25,2312.3430419766
2012-06-26,2316.950369431
2012-06-27,2347.3782821972
2012-06-28,2333.4199942063
2012-06-29,2380.9944971153
2012-07-02,2419.418953485
2012-07-03,2442.8629018304
2012-07-04,2440.9522963103
2012-07-05,2441.6917983507
2012-07-06,2423.3088528423
2012-07-09,2413.8553512991
2012-07-10,2426.1654364737
2012-07-11,2436.1271405091
2012-07-12,2411.0416317859
2012-07-13,2439.7856186358
2012-07-16,2440.9020136165
2012-07-17,2434.9554216543
2012-07-18,2462.1887953837
2012-07-19,2483.104300563
2012-07-20,2446.4511476239
2012-07-23,2392.1868610639
2012-07-24,2378.5352820703
2012-07-25,2372.8513401964
2012-07-26,2427.5021447649
2012-07-27,2458.3702004641
2012-07-30,2498.120090121
2012-07-31,2478.5402670053
2012-08-01,2492.6340939727
2012-08-02,2472.5474394249
2012-08-03,2529.0064416625
2012-08-06,2531.4058889575
2012-08-07,2549.5607826857
2012-08-08,2556.3382138265
2012-08-09,2565.2262075521
2012-08-10,2561.7099502806
2012-08-13,2553.3057037024
2012-08-14,2570.6476605014
2012-08-15,2566.1373110112
2012-08-16,2568.934496568
2012-08-17,2576.3464206897
2012-08-20,2566.9884541428
2012-08-21,2571.1990755864
2012-08-22,2539.9643023865
2012-08-23,2526.6343687317
2012-08-24,2533.1736270849
2012-08-27,2543.3598370288
2012-08-28,2527.4105629123
2012-08-29,2522.4268975995
2012-08-30,2503.7158763477
2012-08-31,2508.828597369
2012-09-03,2531.5861111454
2012-09-04,2500.6735959547
2012-09-05,2497.1419789506
2012-09-06,2553.8362127682
2012-09-07,2550.4976797077
2012-09-10,2542.0675838338
2012-09-11,2558.9848082146
2012-09-12,2551.5156343836
2012-09-13,2554.385512595
2012-09-14,2575.2174384891
2012-09-17,2570.1730745238
2012-09-18,2567.0820544134
2012-09-19,2579.5996191553
2012-09-20,2575.3137115761
2012-09-21,2587.3373391036
2012-09-24,2581.6295920696
2012-09-25,2588.7840104702
2012-09-26,2546.0675735013
2012-09-27,2552.3039252266
2012-09-28,2518.194051987
2012-10-01,2553.2426565702
2012-10-02,2544.3204229751
2012-10-03,2544.9594603493
2012-10-04,2540.3014311991
2012-10-05,2565.0588615139
2012-10-08,2544.7268009996
2012-10-09,2532.7387953072
2012-10-10,2519.8548592426
2012-10-11,2537.4996457392
2012-10-12,2526.033245907
2012-10-15,2538.7888290321
2012-10-16,2573.0072286457
2012-10-17,2586.3388556209
2012-10-18,2590.9578912536
2012-10-19,2572.6277864867
2012-10-22,2559.6331462158
2012-10-23,2515.7629351329
2012-10-24,2525.2490497642
2012-10-25,2528.6766995612
2012-10-26,2532.8879445596
2012-10-29,2522.3349917983
2012-10-30,2547.1634655122
2012-10-31,2525.0301801932
2012-11-01,2553.1660395362
2012-11-02,2561.5454498743
2012-11-05,2546.2240243702
2012-11-06,2561.8209826234
2012-11-07,2524.031014202
2012-11-08,2525.1983298093
2012-11-09,2521.6997682589
2012-11-12,2513.2176070965
2012-11-13,2524.989604058
2012-11-14,2494.9678238637
2012-11-15,2472.4317812125
2012-11-16,2446.7770939805
2012-11-19,2502.3083485643
2012-11-20,2505.9191199469
2012-11-21,2511.2513231646
2012-11-22,2520.5603368215
2012-11-23,2534.7197982405
2012-11-26,2523.2167771366
2012-11-27,2528.4102124652
2012-11-28,2532.6598016223
2012-11-29,2558.6419522836
2012-11-30,2551.7890579838
2012-12-03,2554.7174626437
2012-12-04,2556.504746374
2012-12-05,2564.4416126784
2012-12-06,2581.4623142726
2012-12-07,2584.1523274414
2012-12-10,2591.6125480393
2012-12-11,2598.6399096217
2012-12-12,2601.3342362474
2012-12-13,2593.2123870455
2012-12-14,2588.3270660121
2012-12-17,2586.5441306864
2012-12-18,2593.7568899371
2012-12-19,2598.3300953197
2012-12-20,2595.3901605094
2012-12-21,2591.0592308999
2012-12-24,2587.1211718637
2012-12-27,2584.7477854949
2012-12-28,2568.9052336148
2012-12-31,2577.6184415658
2013-01-02,2621.7774903435
2013-01-03,2640.3728304754
2013-01-04,2653.0234217499
2013-01-07,2641.2001193489
2013-01-08,2640.0400578163
2013-01-09,2659.711414504
2013-01-10,2650.3493837486
2013-01-11,2647.4771277404
2013-01-14,2634.9508762789
2013-01-15,2634.3237136172
2013-01-16,2633.4291069872
2013-01-17,2638.9959980763
2013-01-18,2633.9578013386
2013-01-21,2638.5503795978
2013-01-22,2636.8575643435
2013-01-23,2649.6434048406
2013-01-24,2654.1718232392
2013-01-25,2659.4131690445
2013-01-28,2656.6611324153
2013-01-29,2671.9428711575
2013-01-30,2655.5006587421
2013-01-31,2641.262912167
2013-02-01,2640.1005870108
2013-02-04,2600.2198506296
2013-02-05,2616.7981005513
2013-02-06,2604.6223453282
2013-02-07,2593.3973129613
2013-02-08,2626.0875329969
2013-02-11,2615.5775326516
2013-02-12,2630.4846226274
2013-02-13,2633.0113986472
2013-02-14,2628.8065719809
2013-02-15,2622.2433792319
2013-02-18,2617.7727386032
2013-02-19,2645.1574602448
2013-02-20,2634.0136625452
2013-02-21,2596.0919202797
2013-02-22,2633.0855826644
2013-02-25,2634.8836313391
2013-02-26,2597.147896446
2013-02-27,2619.6305953785
2013-02-28,2647.0444506787
2013-03-01,2637.3322916652
2013-03-04,2635.2641787144
2013-03-05,2682.0486059492
2013-03-06,2676.496460437
2013-03-07,2676.2635307577
2013-03-08,2700.7845753693
2013-03-11,2698.4509405588
2013-03-12,2697.9444973425
2013-03-13,2694.1967645446
2013-03-14,2726.7732566408
2013-03-15,2717.6621274757
2013-03-18,2710.8613238678
2013-03-19,2703.1743767871
2013-03-20,2711.903677283
2013-03-21,2697.2337223613
2013-03-22,2692.7789476428
2013-03-25,2689.4877100193
2013-03-26,2693.3479951496
2013-03-27,2685.8730949513
2013-03-28,2697.7725785086
2013-04-02,2735.0960996896
2013-04-03,2708.1198371927
2013-04-04,2683.5404732861
2013-04-05,2641.075032341
2013-04-08,2647.0052585379
2013-04-09,2650.7112440807
2013-04-10,2692.912005504
2013-04-11,2702.554047768
2013-04-12,2679.295162731
2013-04-15,2671.2581967972
2013-04-16,2650.5624773398
2013-04-17,2606.9261738349
2013-04-18,2611.8290525615
2013-04-19,2624.3171589535
2013-04-22,2627.6665403187
2013-04-23,2688.1726109325
2013-04-24,2709.2109068687
2013-04-25,2723.0162052423
2013-04-26,2716.3026622051
2013-04-29,2728.3985221904
2013-04-30,2724.5737417447
2013-05-02,2740.0451876376
2013-05-03,2766.2947466401
2013-05-06,2761.921978929
2013-05-07,2772.3995448576
2013-05-08,2785.3213754009
2013-05-09,2783.0760068263
2013-05-10,2793.9543520197
2013-05-13,2786.4337844765
2013-05-14,2797.7360385161
2013-05-15,2820.9394529971
2013-05-16,2814.7878700672
2013-05-17,2823.2187553314
2013-05-20,2830.5803244998
2013-05-21,2833.3937166378
2013-05-22,2842.5809305802
2013-05-23,2783.8097112004
2013-05-24,2779.8062173497
2013-05-27,2786.2861677837
2013-05-28,2818.9597015116
2013-05-29,2762.6695981634
2013-05-30,2768.5479494069
2013-05-31,2742.8069731334
2013-06-03,2718.8524318845
2013-06-04,2732.8379219505
2013-06-05,2688.6610316941
2013-06-06,2653.7647239666
2013-06-07,2693.6259684323
2013-06-10,2691.0654651629
2013-06-11,2664.2740626869
2013-06-12,2650.979381253
2013-06-13,2647.2127169968
2013-06-14,2645.6160423601
2013-06-17,2669.3752675129
2013-06-18,2662.1604339333
2013-06-19,2657.5140796988
2013-06-20,2577.4974460144
2013-06-21,2550.5353293757
2013-06-24,2515.7998453838
2013-06-25,2549.8613131539
2013-06-26,2599.7894972461
2013-06-27,2615.0033363006
2013-06-28,2604.5076073097
2013-07-01,2628.4562440216
2013-07-02,2617.2502145511
2013-07-03,2597.7326969317
2013-07-04,2658.7911139262
2013-07-05,2620.3165042457
2013-07-08,2656.514079616
2013-07-09,2676.709944791
2013-07-10,2677.6669615518
2013-07-11,2690.8675455853
2013-07-12,2689.7062631593
2013-07-15,2698.3735149179
2013-07-16,2676.0603281986
2013-07-17,2692.4135119479
2013-07-18,2711.796567666
2013-07-19,2710.623998918
2013-07-22,2715.8206469644
2013-07-23,2705.9568719868
2013-07-24,2718.6229251196
2013-07-25,2699.9082586978
2013-07-26,2693.5049514929
2013-07-29,2692.4428332456
2013-07-30,2691.0442720484
2013-07-31,2699.3342352273
2013-08-01,2724.1515183951
2013-08-02,2734.5516442914
2013-08-05,2732.7420962586
2013-08-06,2725.7096919194
2013-08-07,2716.7814208307
2013-08-08,2720.4899536616
2013-08-09,2736.4484492689
2013-08-12,2739.3177115427
2013-08-13,2756.7503154188
2013-08-14,2760.1896132674
2013-08-15,2733.4324142177
2013-08-16,2738.2279375343
2013-08-19,2721.094725186
2013-08-20,2705.6144853902
2013-08-21,2688.5482451639
2013-08-22,2713.6177774817
2013-08-23,2725.240062437
2013-08-26,2728.0967465973
2013-08-27,2685.0817528053
2013-08-28,2678.1302023152
2013-08-29,2694.3523316859
2013-08-30,2670.8626333651
2013-09-02,2720.3527086181
2013-09-03,2702.9177629284
2013-09-04,2712.7127315209
2013-09-05,2730.8149628455
2013-09-06,2747.2778518128
2013-09-09,2733.9416977355
2013-09-10,2761.3860225673
2013-09-11,2774.6834538786
2013-09-12,2774.2651351357
2013-09-13,2780.9041928364
2013-09-16,2794.4625255781
2013-09-17,2780.1034611816
2013-09-18,2795.1767113373
2013-09-19,2809.2418377366
2013-09-20,2801.3274048972
2013-09-23,2789.2533559033
2013-09-24,2794.418783079
2013-09-25,2798.1188491621
2013-09-26,2799.0817628055
2013-09-27,2791.707615656
2013-09-30,2776.233176589
2013-10-01,2789.4742445428
2013-10-02,2771.3388727657
2013-10-03,2762.1293232327
2013-10-04,2765.4911989309
2013-10-07,2755.0341120993
2013-10-08,2731.5956640745
2013-10-09,2716.7683339934
2013-10-10,2760.368206722
2013-10-11,2777.5996073467
2013-10-14,2783.0510307573
2013-10-15,2806.8316573632
2013-10-16,2811.3954424127
2013-10-17,2816.5092510594
2013-10-18,2835.5826517502
2013-10-21,2841.7806609556
2013-10-22,2860.5950787925
2013-10-23,2843.259511018
2013-10-24,2855.2740975145
2013-10-25,2855.1671832218
2013-10-28,2853.3849611018
2013-10-29,2863.7328131097
2013-10-30,2861.2476464376
2013-10-31,2878.4215048314
2013-11-01,2873.7738600746
2013-11-04,2878.8991442257
2013-11-05,2875.3511395121
2013-11-06,2883.9245775467
2013-11-07,2884.5681023137
2013-11-08,2881.5429330631
2013-11-11,2888.419468387
2013-11-12,2875.5219866568
2013-11-13,2859.1519055334
2013-11-14,2884.6899634412
2013-11-15,2892.460153739
2013-11-18,2906.8167361484
2013-11-19,2886.3774098168
2013-11-20,2894.1697101895
2013-11-21,2889.5713207494
2013-11-22,2889.8812999977
2013-11-25,2902.1791613049
2013-11-26,2879.224319315
2013-11-27,2891.1986089275
2013-11-28,2900.1234289986
2013-11-29,2901.3900141543
2013-12-02,2892.972545106
2013-12-03,2851.9776759017
2013-12-04,2831.7894037167
2013-12-05,2805.7089594916
2013-12-06,2830.3642629617
2013-12-09,2832.4914565305
2013-12-10,2805.4095085391
2013-12-11,2788.5565697229
2013-12-12,2762.994181303
2013-12-13,2754.9593376281
2013-12-16,2792.3621637449
2013-12-17,2768.9935509638
2013-12-18,2792.6979561936
2013-12-19,2843.3716341184
2013-12-20,2860.3996949295
2013-12-23,2880.387432958
2013-12-24,2886.7646796028
2013-12-27,2919.5413842075
2013-12-30,2909.3747438003
2013-12-31,2919.4211583049
2014-01-02,2893.3124978911
2014-01-03,2907.9908499386
2014-01-06,2900.1087610053
2014-01-07,2927.1513709899
2014-01-08,2929.3576390221
2014-01-09,2912.0810908901
2014-01-10,2922.7420385198
2014-01-13,2926.3322413641
2014-01-14,2931.1144349469
2014-01-15,2962.9274496076
2014-01-16,2960.5839634475
2014-01-17,2978.9391829558
2014-01-20,2976.561366207
2014-01-21,2979.6138920786
2014-01-22,2980.4173240365
2014-01-23,2949.9710927417
2014-01-24,2877.6260528611
2014-01-27,2849.4234585074
2014-01-28,2862.3044214586
2014-01-29,2846.4934585194
2014-01-30,2860.4712859379
2014-01-31,2853.3302682535
2014-02-03,2809.9879139115
2014-02-04,2800.362298711
2014-02-05,2801.8297122829
2014-02-06,2839.2502520258
2014-02-07,2859.8233860073
2014-02-10,2857.6566560782
2014-02-11,2893.8918224932
2014-02-12,2917.4025358734
2014-02-13,2914.2839076678
2014-02-14,2929.1189670705
2014-02-17,2939.6330734979
2014-02-18,2945.7381594654
2014-02-19,2945.4412126353
2014-02-20,2948.7525153598
2014-02-21,2961.1069366983
2014-02-24,2976.7560231191
2014-02-25,2974.1689388434
2014-02-26,2972.3166434691
2014-02-27,2965.9872242906
2014-02-28,2967.5524721126
2014-03-03,2900.7699445841
2014-03-04,2957.0405063253
2014-03-05,2951.556954236
2014-03-06,2945.1624331968
2014-03-07,2901.3163411922
2014-03-10,2889.1381654125
2014-03-11,2885.794627279
2014-03-12,2852.4788073098
2014-03-13,2821.5550494119
2014-03-14,2805.1842082168
2014-03-17,2828.7607963763
2014-03-18,2847.1160170222
2014-03-19,2843.9184487988
2014-03-20,2847.2475729374
2014-03-21,2859.454717981
2014-03-24,2829.4136929578
2014-03-25,2867.6535494349
2014-03-26,2883.8544395002
2014-03-27,2890.7739521123
2014-03-28,2915.8111819108
2014-03-31,2916.372267791
2014-04-01,2927.5826283764
2014-04-02,2935.2153026254
2014-04-03,2939.4208325307
2014-04-04,2954.1955552148
2014-04-07,2916.1504845326
2014-04-08,2923.7322474895
2014-04-09,2929.8142154729
2014-04-10,2918.3494523797
2014-04-11,2880.7048636141
2014-04-14,2905.0633135332
2014-04-15,2879.5823173578
2014-04-16,2908.6417788219
2014-04-17,2919.8169362512
2014-04-22,2957.0357979135
2014-04-23,2940.7225788938
2014-04-24,2953.0319329961
2014-04-25,2930.3570422359
2014-04-28,2944.2033975973
2014-04-29,2980.9763327467
2014-04-30,2977.5150732296
2014-05-02,2977.2447125803
2014-05-05,2970.3911421283
2014-05-06,2959.2807085272
2014-05-07,2967.6859461186
2014-05-08,2996.92580858
2014-05-09,2989.6014067083
2014-05-12,3009.111173656
2014-05-13,3015.7763805883
2014-05-14,3021.3356249833
2014-05-15,3012.6452339446
2014-05-16,3028.9873830084
2014-05-19,3013.1679889298
2014-05-20,3002.9043060607
2014-05-21,3018.4823632303
2014-05-22,3020.0472895128
2014-05-23,3026.4600129413
2014-05-26,3037.761583042
2014-05-27,3040.110365623
2014-05-28,3035.6073215
2014-05-29,3037.7812077834
2014-05-30,3032.8438522152
2014-06-02,3037.4223719418
2014-06-03,3026.8335752381
2014-06-04,3021.6439671912
2014-06-05,3029.7956072677
2014-06-06,3043.3200225683
2014-06-09,3054.7281260632
2014-06-10,3068.4592050705
2014-06-11,3057.6549664291
2014-06-12,3057.5436638504
2014-06-13,3058.2031155015
2014-06-16,3045.2520746131
2014-06-17,3053.3691889434
2014-06-18,3052.5741610977
2014-06-19,3074.4248544102
2014-06-20,3076.2164981515
2014-06-23,3062.0084374715
2014-06-24,3060.2451719845
2014-06-25,3029.3985294658
2014-06-26,3016.7387833023
2014-06-27,3014.6392543057
2014-06-30,3014.1926889085
2014-07-01,3044.9002214361
2014-07-02,3050.5984624137
2014-07-03,3081.6710583832
2014-07-04,3076.9368421928
2014-07-07,3048.8285806688
2014-07-08,3013.089871529
2014-07-09,3016.1561178287
2014-07-10,2984.6998208088
2014-07-11,2987.3281567922
2014-07-14,3012.7387399064
2014-07-15,3002.3655280175
2014-07-16,3039.194064786
2014-07-17,3007.1048107379
2014-07-18,3007.9086080189
2014-07-21,2994.503253666
2014-07-22,3035.8697974707
2014-07-23,3037.7941419923
2014-07-24,3050.27145929
2014-07-25,3025.8078593762
2014-07-28,3025.2042512278
2014-07-29,3033.2965827492
2014-07-30,3014.1679641297
2014-07-31,2978.8131428681
2014-08-01,2948.8858988364
2014-08-04,2941.086975462
2014-08-05,2952.3700921046
2014-08-06,2934.0041793629
2014-08-07,2916.5126719739
2014-08-08,2898.4800791137
2014-08-11,2929.2463781588
2014-08-12,2922.720921712
2014-08-13,2933.6854894574
2014-08-14,2943.4297245705
2014-08-15,2928.6482786544
2014-08-18,2964.2498403189
2014-08-19,2978.7852759359
2014-08-20,2977.5264801916
2014-08-21,2997.376008033
2014-08-22,2989.0339068049
2014-08-25,3024.6899315885
2014-08-26,3047.9025147019
2014-08-27,3048.9169883944
2014-08-28,3031.514308087
2014-08-29,3044.491813165
2014-09-01,3057.1291309445
2014-09-02,3052.4016356812
2014-09-03,3075.4981437079
2014-09-04,3107.4598852017
2014-09-05,3094.1488695174
2014-09-08,3082.8512786341
2014-09-09,3073.5569774591
2014-09-10,3073.6657953066
2014-09-11,3071.2243663503
2014-09-12,3068.4582639246
2014-09-15,3067.7574458898
2014-09-16,3065.0685098524
2014-09-17,3073.3475122711
2014-09-18,3105.7387133537
2014-09-19,3111.9193638685
2014-09-22,3096.016271588
2014-09-23,3057.8874519393
2014-09-24,3086.1153908917
2014-09-25,3059.0100606641
2014-09-26,3063.7144691703
2014-09-29,3050.4771102615
2014-09-30,3067.2949481263
2014-10-01,3046.1330147445
2014-10-02,2972.2268053634
2014-10-03,2996.1650592632
2014-10-06,3005.0058329682
2014-10-07,2960.2072329201
2014-10-08,2937.6718573639
2014-10-09,2929.2352323594
2014-10-10,2884.419030405
2014-10-13,2892.4922767781
2014-10-14,2885.6822974222
2014-10-15,2796.8982441707
2014-10-16,2781.3313963501
2014-10-17,2856.0406707354
2014-10-20,2836.9284179078
2014-10-21,2891.602913795
2014-10-22,2908.8188627782
2014-10-23,2930.5391036944
2014-10-24,2919.554471978
2014-10-27,2900.2727580178
2014-10-28,2922.4417078782
2014-10-29,2926.4034388473
2014-10-30,2939.4991228701
2014-10-31,2998.2707023864
2014-11-03,2971.1563171023
2014-11-04,2937.1963045314
2014-11-05,2987.9715448267
2014-11-06,2992.5088368309
2014-11-07,2979.0160310163
2014-11-10,2998.9064336327
2014-11-11,3008.9764480451
2014-11-12,2979.5606478843
2014-11-13,2988.248919777
2014-11-14,2984.4158231606
2014-11-17,3000.501093528
2014-11-18,3016.8804541548
2014-11-19,3016.4560293949
2014-11-20,3004.6729083639
2014-11-21,3069.2161297393
2014-11-24,3069.2925641878
2014-11-25,3067.2822241996
2014-11-26,3070.8259911404
2014-11-27,3075.3133110301
2014-11-28,3075.4978250585
2014-12-01,3056.7969291492
2014-12-02,3078.2173144844
2014-12-03,3090.5600526743
2014-12-04,3043.6519537167
2014-12-05,3095.7542132747
2014-12-08,3073.1324294928
2014-12-09,3001.9265188561
2014-12-10,2987.6249849728
2014-12-11,2991.9579504661
2014-12-12,2908.0868283416
2014-12-15,2836.2400519357
2014-12-16,2894.0385405895
2014-12-17,2901.350833811
2014-12-18,2982.6494047877
2014-12-19,2991.6950862492
2014-12-22,3005.2971373838
2014-12-23,3019.157860316
2014-12-24,3018.891832318
2014-12-29,3025.2574457842
2014-12-30,2990.2993497698
2014-12-31,3003.9539707965
2015-01-02,2991.855541059
2015-01-05,2919.1622015394
2015-01-06,2897.1206659008
2015-01-07,2920.5456873609
2015-01-08,3008.7687209154
2015-01-09,2954.5123354667
2015-01-12,2975.2889627299
2015-01-13,3018.3754934387
2015-01-14,2966.3234448839
2015-01-15,3060.4351646362
2015-01-16,3100.4232279001
2015-01-19,3095.5185532169
2015-01-20,3120.8170772002
2015-01-21,3140.2137485016
2015-01-22,3186.9724959273
2015-01-23,3250.553895284
2015-01-26,3261.4620051741
2015-01-27,3233.851535998
2015-01-28,3224.3748065923
2015-01-29,3217.261880608
2015-01-30,3197.5713707826
2015-02-02,3205.1534972953
2015-02-03,3231.1795891774
2015-02-04,3256.1443860923
2015-02-05,3252.655105979
2015-02-06,3263.5777621737
2015-02-09,3250.303165748
2015-02-10,3252.6921476179
2015-02-11,3247.2761053635
2015-02-12,3259.3497301563
2015-02-13,3284.5276473873
2015-02-16,3279.5446178016
2015-02-17,3287.9435869138
2015-02-18,3306.629987706
2015-02-19,3308.513472855
2015-02-20,3316.9493359226
2015-02-23,3336.7813863647
2015-02-24,3358.3400153929
2015-02-25,3351.4976798944
2015-02-26,3389.9894215788
2015-02-27,3401.2507255133
2015-03-02,3390.2231063104
2015-03-03,3358.6826634931
2015-03-04,3394.5653735465
2015-03-05,3407.1842384069
2015-03-06,3408.1638711781
2015-03-09,3401.2949575248
2015-03-10,3359.8256715852
2015-03-11,3406.6327142939
2015-03-12,3406.3474823605
2015-03-13,3411.4980930982
2015-03-16,3442.5036715862
2015-03-17,3429.1671471786
2015-03-18,3449.7527570378
2015-03-19,3467.1276431828
2015-03-20,3505.0637889152
2015-03-23,3480.8754029837
2015-03-24,3484.6737069072
2015-03-25,3444.0763330425
2015-03-26,3421.8659868555
2015-03-27,3424.6001249504
2015-03-30,3461.4442376683
2015-03-31,3434.9303398159
2015-04-01,3449.2264533198
2015-04-02,3437.6977222562
2015-04-07,3498.1289943668
2015-04-08,3500.2907555455
2015-04-09,3541.2850871939
2015-04-10,3576.4002919332
2015-04-13,3583.1372266888
2015-04-14,3566.3543313956
2015-04-15,3591.4680120167
2015-04-16,3564.9226642022
2015-04-17,3507.6227898843
2015-04-20,3537.349488811
2015-04-21,3544.4149943359
2015-04-22,3546.1184645604
2015-04-23,3538.3457694408
2015-04-24,3545.1394809829
2015-04-27,3580.4537323599
2015-04-28,3534.1294677529
2015-04-29,3454.3884646268
2015-04-30,3438.9625824421
2015-05-04,3444.0467705227
2015-05-05,3401.4840152506
2015-05-06,3382.775845161
2015-05-07,3372.0477227418
2015-05-08,3467.3876281974
2015-05-11,3473.891482494
2015-05-12,3427.9460560418
2015-05-13,3413.6070799339
2015-05-14,3435.0248520227
2015-05-15,3412.57190136
2015-05-18,3430.7405742828
2015-05-19,3482.9570385441
2015-05-20,3501.3755886199
2015-05-21,3519.3137074777
2015-05-22,3518.3345545363
2015-05-25,3510.4937539945
2015-05-26,3479.197467695
2015-05-27,3524.548915866
2015-05-28,3507.2341359871
2015-05-29,3444.3641522357
2015-06-01,3449.1809201872
2015-06-02,3412.172784987
2015-06-03,3404.4273682001
2015-06-04,3374.5425266215
2015-06-05,3349.4580418607
2015-06-08,3321.5223749257
2015-06-09,3303.0834986764
2015-06-10,3363.860076665
2015-06-11,3383.1078297348
2015-06-12,3350.6740297321
2015-06-15,3298.3355787288
2015-06-16,3320.2510798247
2015-06-17,3313.1234691228
2015-06-18,3316.6052930985
2015-06-19,3324.5700903959
2015-06-22,3403.8892536018
2015-06-23,3443.4048045674
2015-06-24,3437.4261918635
2015-06-25,3421.9762618817
2015-06-26,3423.6836346345
2015-06-29,3333.439480559
2015-06-30,3285.1645364307
2015-07-01,3331.2724831837
2015-07-02,3331.022575228
2015-07-03,3310.0807078826
2015-07-06,3273.7279196227
2015-07-07,3226.0183421313
2015-07-08,3230.6879004824
2015-07-09,3299.9060295385
2015-07-10,3365.388556817
2015-07-13,3433.3505084939
2015-07-14,3457.5442863249
2015-07-15,3468.2359415902
2015-07-16,3514.1622831463
2015-07-17,3513.7335065089
2015-07-20,3520.4842903636
2015-07-21,3482.0174070242
2015-07-22,3454.2311641501
2015-07-23,3438.6162413831
2015-07-24,3405.7438436665
2015-07-27,3330.7578490402
2015-07-28,3368.3320627279
2015-07-29,3415.3428148758
2015-07-30,3439.2471312356
2015-07-31,3432.4405948881
2015-08-03,3456.2929275738
2015-08-04,3448.8221340295
2015-08-05,3501.1107204527
2015-08-06,3471.9473853568
2015-08-07,3441.247722604
2015-08-10,3462.380278247
2015-08-11,3405.047989046
2015-08-12,3310.1201916454
2015-08-13,3332.5951565438
2015-08-14,3325.4854685505
2015-08-17,3334.9693698122
2015-08-18,3342.0407522596
2015-08-19,3282.0524605433
2015-08-20,3215.8287277176
2015-08-21,3102.1068338995
2015-08-24,2928.151253523
2015-08-25,3049.7113770095
2015-08-26,2988.5850590558
2015-08-27,3103.7333442328
2015-08-28,3114.8381282274
2015-08-31,3110.3124778454
2015-09-01,3018.0069052458
2015-09-02,3022.4521368907
2015-09-03,3096.9880605449
2015-09-04,3018.1636191112
2015-09-07,3035.0199072344
2015-09-08,3066.3481287822
2015-09-09,3109.5406227662
2015-09-10,3063.1229728649
2015-09-11,3034.4487832842
2015-09-14,3019.3002773325
2015-09-15,3049.794820103
2015-09-16,3100.1706867981
2015-09-17,3085.596885867
2015-09-18,3022.8835190559
2015-09-21,3058.3591287246
2015-09-22,2961.0801683657
2015-09-23,2964.7109416121
2015-09-24,2905.7039226451
2015-09-25,2993.9332795977
2015-09-28,2925.5327621652
2015-09-29,2905.2519607767
2015-09-30,2976.73454879
2015-10-01,2963.4559572524
2015-10-02,2977.9894587947
2015-10-05,3068.7206343649
2015-10-06,3087.7337302084
2015-10-07,3090.5413302497
2015-10-08,3092.7499442594
2015-10-09,3102.0373195807
2015-10-12,3102.1909023431
2015-10-13,3075.3993725415
2015-10-14,3048.8330266072
2015-10-15,3099.1448952683
2015-10-16,3127.3732594364
2015-10-19,3135.2954256799
2015-10-20,3111.7754295785
2015-10-21,3105.4829241586
2015-10-22,3176.5841963691
2015-10-23,3237.3498706302
2015-10-26,3223.8441418487
2015-10-27,3193.3565504212
2015-10-28,3229.4532425212
2015-10-29,3225.4404929038
2015-10-30,3216.288482909
2015-11-02,3223.0915934854
2015-11-03,3243.3896664708
2015-11-04,3264.2388496997
2015-11-05,3251.1517736556
2015-11-06,3254.1077656549
2015-11-09,3219.3602449073
2015-11-10,3226.7376339362
2015-11-11,3246.4171170441
2015-11-12,3194.2369588797
2015-11-13,3167.2475460134
2015-11-16,3175.3172764657
2015-11-17,3261.5434517107
2015-11-18,3255.0251454769
2015-11-19,3264.5765680615
2015-11-20,3272.7400739497
2015-11-23,3259.2897197683
2015-11-24,3225.4658598651
2015-11-25,3265.3182676182
2015-11-26,3293.706670728
2015-11-27,3283.190100929
2015-11-30,3287.9773895284
2015-12-01,3277.3361076113
2015-12-02,3277.4872127363
2015-12-03,3161.1823965162
2015-12-04,3143.4544107902
2015-12-07,3157.0230334661
2015-12-08,3104.0945251297
2015-12-09,3090.1804528337
2015-12-10,3086.0725109839
2015-12-11,3018.9158598373
2015-12-14,2960.7044421899
2015-12-15,3051.0935043683
2015-12-16,3057.5458756472
2015-12-17,3095.8269963429
2015-12-18,3065.0675021753
2015-12-21,3022.5066099011
2015-12-22,3019.2606448457
2015-12-23,3109.2269949692
2015-12-24,3108.1138751373
2015-12-28,3093.6072862876
2015-12-29,3139.281462271
2015-12-30,3118.0657470836
2015-12-31,3100.2575873625
2016-01-04,3025.9139127817
2016-01-05,3052.1971321234
2016-01-06,3013.129431275
2016-01-07,2943.9384847333
2016-01-08,2887.8372254501
2016-01-11,2876.5904945597
2016-01-12,2902.3448288692
2016-01-13,2915.781888337
2016-01-14,2883.2141588201
2016-01-15,2801.4325201495
2016-01-18,2796.4646390887
2016-01-19,2830.916245795
2016-01-20,2738.9052751378
2016-01-21,2789.2748092782
2016-01-22,2874.0788668502
2016-01-25,2850.248558705
2016-01-26,2877.2866646528
2016-01-27,2888.0246776099
2016-01-28,2837.3224389523
2016-01-29,2902.4115238892
2016-02-01,2893.9700737892
2016-02-02,2828.5370085761
2016-02-03,2781.6358823215
2016-02-04,2770.9546475249
2016-02-05,2748.9995044231
2016-02-08,2666.8001307092
2016-02-09,2617.0484856433
2016-02-10,2666.6052364817
2016-02-11,2566.2647467753
2016-02-12,2651.7816144613
2016-02-15,2722.8055691701
2016-02-16,2708.715651247
2016-02-17,2771.9505683315
2016-02-18,2759.7782973357
2016-02-19,2737.2934811776
2016-02-22,2783.3075213204
2016-02-23,2745.442470568
2016-02-24,2682.832197671
2016-02-25,2737.5953863099
2016-02-26,2784.5965101945
2016-02-29,2798.192136785
2016-03-01,2834.8539916019
2016-03-02,2868.1627804229
2016-03-03,2841.3222707005
2016-03-04,2860.2648480658
2016-03-07,2855.3039698362
2016-03-08,2832.3484881731
2016-03-09,2845.0777450921
2016-03-10,2793.1571826482
2016-03-11,2864.8776463772
2016-03-14,2880.8082657631
2016-03-15,2848.2597002906
2016-03-16,2843.8657197131
2016-03-17,2833.6878233249
2016-03-18,2837.0358177069
2016-03-21,2833.311275461
2016-03-22,2824.000023353
2016-03-23,2823.346341328
2016-03-24,2781.91
2016-03-29,2792.6117705415
2016-03-30,2821.6182082268
2016-03-31,2790.1670393263
2016-04-01,2746.2175215462
2016-04-04,2764.4954569838
2016-04-05,2711.8271894477
2016-04-06,2741.1232828372
2016-04-07,2724.3564402421
2016-04-08,2751.8866607774
2016-04-11,2755.6876890004
2016-04-12,2775.2295110064
2016-04-13,2856.0482609831
2016-04-14,2872.7954547499
2016-04-15,2867.7315712033
2016-04-18,2882.1791789393
2016-04-19,2924.7776744277
2016-04-20,2945.0502538076
2016-04-21,2944.4113289244
2016-04-22,2933.1072696592
2016-04-25,2917.3310234352
2016-04-26,2922.5666102573
2016-04-27,2927.3140552315
2016-04-28,2932.0022984526
2016-04-29,2856.2784537794
2016-05-02,2852.1013644684
2016-05-03,2804.6155359607
2016-05-04,2764.8052322926
2016-05-05,2776.0254264641
2016-05-06,2765.4322111201
2016-05-09,2780.5099376861
2016-05-10,2812.3530473735
2016-05-11,2800.9875157595
2016-05-12,2786.6872408456
2016-05-13,2805.563789433
2016-05-16,2801.3267742171
2016-05-17,2801.1325537177
2016-05-18,2828.1704734664
2016-05-19,2789.0426474159
2016-05-20,2820.9426352148
2016-05-23,2803.7400139626
2016-05-24,2870.8027223447
2016-05-25,2922.9336001743
2016-05-26,2922.2071223097
2016-05-27,2933.0477534728
2016-05-30,2936.6533641221
2016-05-31,2907.4460582284
2016-06-01,2879.5705176066
2016-06-02,2877.4857978376
2016-06-03,2850.7679287397
2016-06-06,2862.221915739
2016-06-07,2896.8621177529
2016-06-08,2879.8063631048
2016-06-09,2851.7785003395
2016-06-10,2785.1867065685
2016-06-13,2733.0930626948
2016-06-14,2680.9042441771
2016-06-15,2704.6447978725
2016-06-16,2698.1596268429
2016-06-17,2730.4245779041
2016-06-20,2822.9094108419
2016-06-21,2850.8390025117
2016-06-22,2862.6593498906
2016-06-23,2901.2384423201
2016-06-24,2706.7535052912
2016-06-27,2636.7121261125
2016-06-28,2700.1812894288
2016-06-29,2783.7142995687
2016-06-30,2813.3260826222
2016-07-01,2825.8587744652
2016-07-04,2814.020846335
2016-07-05,2783.0327210977
2016-07-06,2735.9887151491
2016-07-07,2760.7414279801
2016-07-08,2796.8112549732
2016-07-11,2831.5142591777
2016-07-12,2855.7919746936
2016-07-13,2846.0061249055
2016-07-14,2868.1156642149
2016-07-15,2868.1942753341
2016-07-18,2864.8739516296
2016-07-19,2851.0518650363
2016-07-20,2879.0188568236
2016-07-21,2877.5018620289
2016-07-22,2881.9008729719
2016-07-25,2877.0171933944
2016-07-26,2881.2215368198
2016-07-27,2887.2403136668
2016-07-28,2854.6644228118
2016-07-29,2877.623611366
2016-08-01,2859.1271770547
2016-08-02,2815.8251825254
2016-08-03,2820.0466038567
2016-08-04,2840.0331870824
2016-08-05,2864.5143391793
2016-08-08,2860.6658276599
2016-08-09,2881.7798513434
2016-08-10,2873.5374483527
2016-08-11,2898.1771122947
2016-08-12,2889.3062248671
2016-08-15,2890.3981099418
2016-08-16,2867.8674471775
2016-08-17,2847.5812225324
2016-08-18,2861.7346166794
2016-08-19,2838.0666438863
2016-08-22,2834.2579728637
2016-08-23,2855.8376738352
2016-08-24,2867.7410180592
2016-08-25,2845.4397181418
2016-08-26,2860.4904192666
2016-08-29,2857.3858184753
2016-08-30,2874.9118057235
2016-08-31,2862.9074210624
2016-09-01,2854.2502034859
2016-09-02,2922.5745323892
2016-09-05,2920.6556126393
2016-09-06,2907.2197194927
2016-09-07,2913.5903087892
2016-09-08,2903.7991378562
2016-09-09,2876.7474295021
2016-09-12,2852.9677253551
2016-09-13,2818.8365215986
2016-09-14,2813.9127205459
2016-09-15,2829.9282623503
2016-09-16,2807.988096912
2016-09-19,2836.5297156971
2016-09-20,2834.7618301584
2016-09-21,2848.5785795278
2016-09-22,2891.551190995
2016-09-23,2869.6966241008
2016-09-26,2825.0600911961
2016-09-27,2830.2379265752
2016-09-28,2846.5483477643
2016-09-29,2848.9278688184
2016-09-30,2843.1702634235
2016-10-03,2845.4279299286
2016-10-04,2871.0598325279
2016-10-05,2860.040913866
2016-10-06,2850.9084391149
2016-10-07,2832.7672529246
2016-10-10,2849.2013616755
2016-10-11,2838.1665831586
2016-10-12,2824.3569895052
2016-10-13,2796.5844004861
2016-10-14,2832.5756481917
2016-10-17,2808.9413788184
2016-10-18,2846.8826681961
2016-10-19,2852.2708022642
2016-10-20,2863.1352816234
2016-10-21,2865.6446566116
2016-10-24,2863.3860244199
2016-10-25,2856.6250312749
2016-10-26,2841.1628288679
2016-10-27,2848.6619741068
2016-10-28,2834.551235265
2016-10-31,2813.2910490782
2016-11-01,2784.2309880605
2016-11-02,2754.1257383239
2016-11-03,2748.5905101304
2016-11-04,2730.0532980422
2016-11-07,2773.8850483506
2016-11-08,2785.7549962385
2016-11-09,2831.9290947271
2016-11-10,2825.7347881653
2016-11-11,2810.8652901678
2016-11-14,2820.445832747
2016-11-15,2825.3372928977
2016-11-16,2818.8608170645
2016-11-17,2835.3943633235
2016-11-18,2819.9998123463
2016-11-21,2826.0855950931
2016-11-22,2823.7672614045
2016-11-23,2820.9658156667
2016-11-24,2828.1402961491
2016-11-25,2835.818536939
2016-11-28,2810.9774643413
2016-11-29,2816.2501927294
2016-11-30,2830.1075492889
2016-12-01,2821.0102246184
2016-12-02,2810.2106220731
2016-12-05,2825.4166728366
2016-12-06,2855.9740240219
2016-12-07,2881.3061357136
2016-12-08,2919.9408224243
2016-12-09,2951.2948562873
2016-12-12,2940.0261617371
2016-12-13,2976.7555325118
2016-12-14,2962.9391027633
2016-12-15,2993.4117394905
2016-12-16,3003.7261799577
2016-12-19,3000.6087766735
2016-12-20,3016.6988555312
2016-12-21,3006.0217118582
2016-12-22,3000.8684382832
2016-12-23,2998.3287655222
2016-12-27,3000.7013613641
2016-12-28,3010.8549383112
2016-12-29,2999.4459652279
2016-12-30,3010.5480565983
2017-01-02,3019.139532386
2017-01-03,3044.6433496618
2017-01-04,3048.0484440813
2017-01-05,3051.8087024764
2017-01-06,3050.6908310558
2017-01-09,3036.7084593634
2017-01-10,3038.8793739508
2017-01-11,3043.8021623069
2017-01-12,3020.2640227269
2017-01-13,3047.0261118179
2017-01-16,3018.1655291287
2017-01-17,3007.9514996041
2017-01-18,3018.6824396807
2017-01-19,3012.9479343845
2017-01-20,3011.7612123462
2017-01-23,2992.8093451029
2017-01-24,2993.7811961085
2017-01-25,3037.0568593065
2017-01-26,3043.1526185062
2017-01-27,3031.7444600908
2017-01-30,3003.7131545381
2017-01-31,2979.4798663205
2017-02-01,3004.8893175298
2017-02-02,2983.6486754198
2017-02-03,3008.3108083613
2017-02-06,2993.9058353671
2017-02-07,2998.2305846368
2017-02-08,3008.7765112607
2017-02-09,3040.204067913
2017-02-10,3039.1435792478
2017-02-13,3058.9524629617
2017-02-14,3057.2871288697
2017-02-15,3073.4127987997
2017-02-16,3058.3562339677
2017-02-17,3073.1710364269
2017-02-20,3073.1238493109
2017-02-21,3092.2181392647
2017-02-22,3099.5388035419
2017-02-23,3090.5221679868
2017-02-24,3071.9682692885
2017-02-27,3064.294087546
2017-02-28,3068.6991877658
2017-03-01,3114.3991915242
2017-03-02,3115.0325548286
2017-03-03,3116.9121440961
2017-03-06,3100.4501233729
2017-03-07,3093.2820535456
2017-03-08,3093.1829533009
2017-03-09,3096.451500027
2017-03-10,3101.3627073946
2017-03-13,3108.3746322489
2017-03-14,3101.9644293715
2017-03-15,3115.3996826488
2017-03-16,3136.6872721919
2017-03-17,3141.9895796576
2017-03-20,3135.3943195653
2017-03-21,3122.8528776795
2017-03-22,3111.7129771128
2017-03-23,3136.3105626168
2017-03-24,3126.9378179604
2017-03-27,3117.865948304
2017-03-28,3135.7521876541
2017-03-29,3149.0306904825
2017-03-30,3161.5458887627
2017-03-31,3160.6888565996
2017-04-03,3145.8578001916
2017-04-04,3156.1263687982
2017-04-05,3156.2346181367
2017-04-06,3158.9616350313
2017-04-07,3163.4560638855
2017-04-10,3159.2771093123
2017-04-11,3159.7142633261
2017-04-12,3163.1437629164
2017-04-13,3146.6536972941
2017-04-18,3107.0882774061
2017-04-19,3105.4553022242
2017-04-20,3112.3268204783
2017-04-21,3115.4672722113
2017-04-24,3179.1400151557
2017-04-25,3186.7640791579
2017-04-26,3197.6526123251
2017-04-27,3193.1225949807
2017-04-28,3182.8010082209
2017-05-02,3197.8715331743
2017-05-03,3204.8372488359
2017-05-04,3227.870497018
2017-05-05,3244.640538416
2017-05-08,3243.739883067
2017-05-09,3257.6779536085
2017-05-10,3263.7582058656
2017-05-11,3251.1517717891
2017-05-12,3270.8939000958
2017-05-15,3271.5567403491
2017-05-16,3276.11278473
2017-05-17,3245.0614649842
2017-05-18,3220.7958790805
2017-05-19,3235.9218091921
2017-05-22,3232.2940539657
2017-05-23,3237.0942730662
2017-05-24,3237.5068431643
2017-05-25,3235.0547335967
2017-05-26,3228.2583015358
2017-05-29,3231.1913799507
2017-05-30,3220.5729554142
2017-05-31,3219.2597554748
2017-06-01,3224.5305709602
2017-06-02,3233.8946456931
2017-06-05,3233.9220043216
2017-06-06,3211.4657447891
2017-06-07,3201.5014306327
2017-06-08,3199.1258931308
2017-06-09,3210.0685072895
2017-06-12,3181.9327889601
2017-06-13,3192.1422552495
2017-06-14,3172.6742202208
2017-06-15,3174.6746606095
2017-06-16,3192.8913619072
2017-06-19,3223.0899117297
2017-06-20,3200.1895742288
2017-06-21,3191.5136224897
2017-06-22,3200.1609227349
2017-06-23,3191.7441458989
2017-06-26,3210.6219607042
2017-06-27,3191.5286320221
2017-06-28,3186.647794947
2017-06-29,3142.4705096116
2017-06-30,3122.1671434781
2017-07-03,3159.4457229039
2017-07-04,3144.462684798
2017-07-05,3143.0431730847
2017-07-06,3119.7729449564
2017-07-07,3116.3065648471
2017-07-10,3128.920650714
2017-07-11,3107.089084768
2017-07-12,3159.0645952433
2017-07-13,3163.9064213243
2017-07-14,3168.2794721098
2017-07-17,3164.5298321476
2017-07-18,3128.833240613
2017-07-19,3155.7892500241
2017-07-20,3149.9747106447
2017-07-21,3118.1265823831
2017-07-24,3110.0891538103
2017-07-25,3125.0210204123
2017-07-26,3132.540481987
2017-07-27,3124.1326551071
2017-07-28,3086.7457039174
2017-07-31,3082.9097193495
2017-08-01,3099.7492103939
2017-08-02,3088.9311907973
2017-08-03,3092.0082565936
2017-08-04,3122.3183026559
2017-08-07,3116.2392030107
2017-08-08,3123.9877585018
2017-08-09,3103.023349497
2017-08-10,3064.1977818028
2017-08-11,3030.832463513
2017-08-14,3059.0037760031
2017-08-15,3062.6822698296
2017-08-16,3081.4543218887
2017-08-17,3063.1351501585
2017-08-18,3041.7764570061
2017-08-21,3029.0668521248
2017-08-22,3054.6065011112
2017-08-23,3040.094227418
2017-08-24,3046.068126763
2017-08-25,3042.3834125466
2017-08-28,3028.6676350176
2017-08-29,3000.9469240971
2017-08-30,3016.8398670645
2017-08-31,3041.608960271
2017-09-01,3058.3708352409
2017-09-04,3042.2501500326
2017-09-05,3036.176493766
2017-09-06,3043.2288628641
2017-09-07,3053.2731029645
2017-09-08,3058.451832904
2017-09-11,3089.6692258134
2017-09-12,3104.1039837871
2017-09-13,3108.4315319624
2017-09-14,3111.5450394627
2017-09-15,3101.8371713476
2017-09-18,3109.9895285424
2017-09-19,3113.4744961801
2017-09-20,3111.4066088434
2017-09-21,3122.5527406746
2017-09-22,3126.0200889383
2017-09-25,3136.6812434937
2017-09-26,3142.2490698201
2017-09-27,3156.383959563
2017-09-28,3157.388687111
2017-09-29,3172.7948905546
2017-10-02,3191.2856015511
2017-10-03,3195.0819216006
2017-10-04,3192.7643094577
2017-10-05,3199.5945840106
2017-10-06,3189.9692261805
2017-10-09,3196.2720638472
2017-10-10,3194.015674575
2017-10-11,3191.771468723
2017-10-12,3189.0612586041
2017-10-13,3199.755069382
2017-10-16,3205.3004619636
2017-10-17,3199.7858962445
2017-10-18,3207.3922463552
2017-10-19,3186.5555296029
2017-10-20,3185.4644623807
2017-10-23,3190.2543970602
2017-10-24,3176.5650425416
2017-10-25,3152.3844608988
2017-10-26,3187.6637811139
2017-10-27,3209.6748202392
2017-10-30,3211.24684009
2017-10-31,3224.7792064629
2017-11-01,3242.6658668334
2017-11-02,3225.8555035431
2017-11-03,3237.052635882
2017-11-06,3241.147858072
2017-11-07,3223.5126735364
2017-11-08,3222.9335886357
2017-11-09,3190.2347474325
2017-11-10,3177.5167025135
2017-11-13,3163.224413354
2017-11-14,3139.6847363533
2017-11-15,3127.4062438531
2017-11-16,3141.5849075961
2017-11-17,3137.4618486953
2017-11-20,3162.3070890776
2017-11-21,3178.3405564977
2017-11-22,3171.7966921857
2017-11-23,3171.5465563357
2017-11-24,3170.4913537419
2017-11-27,3155.3976281519
2017-11-28,3175.8294260597
2017-11-29,3177.3569031357
2017-11-30,3157.2840893274
2017-12-01,3138.5394301863
2017-12-04,3166.3441678815
2017-12-05,3156.0394779621
2017-12-06,3160.3809756399
2017-12-07,3155.6466653952
2017-12-08,3176.9432684789
2017-12-11,3180.2053483211
2017-12-12,3208.9724473573
2017-12-13,3204.5627093947
2017-12-14,3186.850222198
2017-12-15,3184.4737430459
2017-12-18,3217.6095946919
2017-12-19,3196.6097967645
2017-12-20,3170.4088346305
2017-12-21,3195.6101833562
2017-12-22,3187.2740366215
2017-12-27,3187.9120020131
2017-12-28,3178.5732743593
2017-12-29,3177.8377017429
2018-01-02,3166.6592062369
2018-01-03,3178.289570451
2018-01-04,3202.786038303
2018-01-05,3232.0915347513
2018-01-08,3241.7003597326
2018-01-09,3253.3712260747
2018-01-10,3246.4031821352
2018-01-11,3233.4385348542
2018-01-12,3242.8847896883
2018-01-15,3235.851572612
2018-01-16,3235.1332310183
2018-01-17,3231.7077702761
2018-01-18,3239.4342864582
2018-01-19,3253.6104473947
2018-01-22,3267.4935556426
2018-01-23,3274.9721399694
2018-01-24,3260.5414660856
2018-01-25,3244.6643514204
2018-01-26,3259.0453656011
2018-01-29,3253.7441840286
2018-01-30,3222.8165270025
2018-01-31,3212.2739166705
2018-02-01,3181.9864429193
2018-02-02,3143.9007069478
2018-02-05,3094.1378291447
2018-02-06,3014.4480676816
2018-02-07,3070.2963657155
2018-02-08,3025.669671775
2018-02-09,2974.3259673293
2018-02-12,3009.1838371166
2018-02-13,2987.3934703217
2018-02-14,3014.1950993954
2018-02-15,3024.6142768665
2018-02-16,3057.7491960545
2018-02-19,3037.3041261094
2018-02-20,3053.8272972277
2018-02-21,3057.3381148773
2018-02-22,3049.5694169103
2018-02-23,3058.6384292615
2018-02-26,3076.58
2018-02-27,3066.1409822554
2018-02-28,3038.1120596675
2018-03-01,3004.5435915238
2018-03-02,2940.8380942598
2018-03-05,2972.9319329661
2018-03-06,2965.6494322654
2018-03-07,2972.4897512771
2018-03-08,3005.9599674977
2018-03-09,3016.3650984773
2018-03-12,3023.3631942158
2018-03-13,2992.7072294841
2018-03-14,2986.872455441
2018-03-15,2996.3987296661
2018-03-16,3015.5757520906
2018-03-19,2977.8003290843
2018-03-20,2991.6590685349
2018-03-21,2986.0616827346
2018-03-22,2943.1185487229
2018-03-23,2912.8377167656
2018-03-26,2894.7453075944
2018-03-27,2933.7730465582
2018-03-28,2954.5658282965
2018-03-29,2965.4367555362
2018-04-03,2954.1228154639
2018-04-04,2950.0980013003
2018-04-05,3026.0207418766
2018-04-06,3010.5514093059
2018-04-09,3013.306247089
2018-04-10,3040.4701309118
2018-04-11,3024.3794157073
2018-04-12,3042.0902054224
2018-04-13,3042.6593065004
2018-04-16,3025.1186355434
2018-04-17,3042.2930984573
2018-04-18,3047.355250605
2018-04-19,3040.0940522835
2018-04-20,3041.12419652
2018-04-23,3054.7244924948
2018-04-24,3061.2918710421
2018-04-25,3040.0423111153
2018-04-26,3067.386556727
2018-04-27,3077.266047148
2018-04-30,3087.6591202673
2018-05-02,3096.5636522592
2018-05-03,3072.3305402579
2018-05-04,3096.9873870529
2018-05-07,3113.0976317874
2018-05-08,3109.634856847
2018-05-09,3139.9789143413
2018-05-10,3133.7558940978
2018-05-11,3132.4597119254
2018-05-14,3136.4435658447
2018-05-15,3138.6542062775
2018-05-16,3150.4964733903
2018-05-17,3167.9253226175
2018-05-18,3157.5345583042
2018-05-21,3163.9424347335
2018-05-22,3171.8241586562
2018-05-23,3136.2271898446
2018-05-24,3116.7811509097
2018-05-25,3117.1281821205
2018-05-28,3105.4243027359
2018-05-29,3068.1216738716
2018-05-30,3076.6352447329
2018-05-31,3049.462999416
2018-06-01,3085.2709532749
2018-06-04,3091.2635445393
2018-06-05,3076.2132978999
2018-06-06,3069.3138088463
2018-06-07,3061.9845948167
2018-06-08,3057.9747775004
2018-06-11,3081.2643884382
2018-06-12,3073.799726699
2018-06-13,3078.7165753313
2018-06-14,3120.6699478276
2018-06-15,3088.7998542456
2018-06-18,3063.4573701031
2018-06-19,3048.9478214172
2018-06-20,3059.0342212301
2018-06-21,3035.1969263976
2018-06-22,3081.1218030475
2018-06-25,3009.2702517283
2018-06-26,3011.6933271672
2018-06-27,3035.8394566626
2018-06-28,3020.1171123298
2018-06-29,3042.9589956975
2018-07-02,3021.6714000567
2018-07-03,3050.6703239782
2018-07-04,3057.7620581773
2018-07-05,3067.3926390418
2018-07-06,3072.5479627115
2018-07-09,3089.8183788519
2018-07-10,3099.6096610902
2018-07-11,3055.0384895354
2018-07-12,3083.016872127
2018-07-13,3089.3692084782
2018-07-16,3073.6370280959
2018-07-17,3077.1738767261
2018-07-18,3100.9121597493
2018-07-19,3099.3667479819
2018-07-20,3098.7512683094
2018-07-23,3096.4966420985
2018-07-24,3123.9892069199
2018-07-25,3116.4422270624
2018-07-26,3149.710967292
2018-07-27,3162.7736315682
2018-07-30,3151.6758307784
2018-07-31,3165.2140756759
2018-08-01,3149.4149625349
2018-08-02,3117.8908102646
2018-08-03,3136.159364599
2018-08-06,3132.9545470885
2018-08-07,3152.4395814037
2018-08-08,3143.1568558422
2018-08-09,3137.4968701827
2018-08-10,3100.1172370525
2018-08-13,3088.2527899044
2018-08-14,3093.0618489703
2018-08-15,3051.8799779521
2018-08-16,3063.0808257504
2018-08-17,3060.3309447706
2018-08-20,3076.7962699115
2018-08-21,3081.1690329185
2018-08-22,3077.1818371659
2018-08-23,3070.6959148462
2018-08-24,3069.1046283647
2018-08-27,3081.4705099334
2018-08-28,3073.6586562575
2018-08-29,3083.7625256978
2018-08-30,3071.6140591466
2018-08-31,3042.3396399696
2018-09-03,3048.7319244603
2018-09-04,3025.5991069152
2018-09-05,2991.3187643064
2018-09-06,2968.0694901721
2018-09-07,2971.1001060865
2018-09-10,2983.5853253729
2018-09-11,2981.3218033551
2018-09-12,3000.7789444377
2018-09-13,3000.3653883477
2018-09-14,3007.8926060259
2018-09-17,3008.613973499
2018-09-18,3008.2049983655
2018-09-19,3021.2531593352
2018-09-20,3044.7996252698
2018-09-21,3067.3818865678
2018-09-24,3048.3388692288
2018-09-25,3067.3072445661
2018-09-26,3079.3678905329
2018-09-27,3095.2676605021
2018-09-28,3067.938884299
2018-10-01,3071.2051851211
2018-10-02,3059.3811116689
2018-10-03,3081.9921459787
2018-10-04,3054.7472169501
2018-10-05,3029.6739197161
2018-10-08,3002.2908062868
2018-10-09,3010.6991307675
2018-10-10,2983.125045921
2018-10-11,2912.914355057
2018-10-12,2900.3464781659
2018-10-15,2912.9861824145
2018-10-16,2944.9831546633
2018-10-17,2940.388537897
2018-10-18,2925.281102895
2018-10-19,2940.5986148277
2018-10-22,2930.3520730778
2018-10-23,2892.9993382788
2018-10-24,2891.2997079359
2018-10-25,2897.1854940504
2018-10-26,2876.3701251483
2018-10-29,2897.0553675454
2018-10-30,2894.3391795876
2018-10-31,2947.7051379741
2018-11-01,2950.2337178566
2018-11-02,2945.5497008812
2018-11-05,2957.4905760309
2018-11-06,2942.8478816116
2018-11-07,2974.476222646
2018-11-08,2981.5966979951
2018-11-09,2974.3941387669
2018-11-12,2944.4817785271
2018-11-13,2963.8475932976
2018-11-14,2943.4714673272
2018-11-15,2924.8544452469
2018-11-16,2914.660259295
2018-11-19,2898.6352524766
2018-11-20,2877.3346501419
2018-11-21,2906.8916833958
2018-11-22,2881.8208801961
2018-11-23,2891.2422171764
2018-11-26,2927.1728867658
2018-11-27,2921.058852798
2018-11-28,2925.3961462969
2018-11-29,2929.6002564607
2018-11-30,2934.2135256003
2018-12-03,2955.6416477829
2018-12-04,2944.3235171208
2018-12-05,2899.4008280428
2018-12-06,2806.9588045323
2018-12-07,2828.9176012732
2018-12-10,2781.9437285221
2018-12-11,2822.1992733207
2018-12-12,2867.0169560259
2018-12-13,2862.045869793
2018-12-14,2844.8078470313
2018-12-17,2816.8827109131
2018-12-18,2786.4038248436
2018-12-19,2791.1647448386
2018-12-20,2757.2041832982
2018-12-21,2759.8612170248
2018-12-24,2746.3842360679
2018-12-27,2696.3620653704
2018-12-28,2755.1576472509
2018-12-31,2760.0565127486
2019-01-02,2758.768300784
2019-01-03,2741.5571680878
2019-01-04,2811.7504403686
2019-01-07,2791.7568712274
2019-01-08,2811.0767080522
2019-01-09,2816.5426360455
2019-01-10,2831.1673176338
2019-01-11,2832.6183169857
2019-01-14,2816.0181400462
2019-01-15,2830.3184310792
2019-01-16,2833.9353123859
2019-01-17,2832.4472438569
2019-01-18,2884.672832295
2019-01-21,2877.5503923831
2019-01-22,2864.7406797804
2019-01-23,2859.219465294
2019-01-24,2858.6397870357
2019-01-25,2872.1669535701
2019-01-28,2842.6007219708
2019-01-29,2870.2896716131
2019-01-30,2885.7279405767
2019-01-31,2897.1289176565
2019-02-01,2908.7224914659
2019-02-04,2911.3723617683
2019-02-05,2956.8968873244
2019-02-06,2959.0298390936
2019-02-07,2921.8791175998
2019-02-08,2915.8584078929
2019-02-11,2937.0654523575
2019-02-12,2949.622331338
2019-02-13,2963.555986083
2019-02-14,2955.5085967302
2019-02-15,3004.4599800781
2019-02-18,3007.5015393205
2019-02-19,2999.1224775243
2019-02-20,3020.9353801582
2019-02-21,3015.1513557883
2019-02-22,3018.9443599824
2019-02-25,3022.7381696857
2019-02-26,3032.9904505479
2019-02-27,3028.9278090816
2019-02-28,3029.6697670001
2019-03-01,3036.5646425824
2019-03-04,3041.8715583153
2019-03-05,3053.5531034172
2019-03-06,3057.5870066937
2019-03-07,3052.3794577144
2019-03-08,3028.3020591482
2019-03-11,3048.8666799594
2019-03-12,3045.5598727003
2019-03-13,3068.3973531574
2019-03-14,3092.4506136091
2019-03-15,3113.6834110048
2019-03-18,3123.0321850865
2019-03-19,3137.6923577589
2019-03-20,3113.8277253282
2019-03-21,3119.9399504722
2019-03-22,3082.5101981241
2019-03-25,3071.2332663303
2019-03-26,3097.9768092639
2019-03-27,3098.4833980397
2019-03-28,3101.0490106066
2019-03-29,3117.0117208886
2019-04-01,3147.040476675
2019-04-02,3156.8384272166
2019-04-03,3177.6888813942
2019-04-04,3171.3584367525
2019-04-05,3173.6671439906
2019-04-08,3172.2229426332
2019-04-09,3162.5312360359
2019-04-10,3163.0033698375
2019-04-11,3157.690180716
2019-04-12,3156.3622394453
2019-04-15,3155.2564450018
2019-04-16,3162.4097198412
2019-04-17,3162.3082576096
2019-04-18,3169.9494852741
2019-04-23,3185.6484671477
2019-04-24,3185.2377969314
2019-04-25,3183.7019746478
2019-04-26,3187.6339468636
2019-04-29,3190.3666682311
2019-04-30,3199.506378072
2019-05-02,3178.1515584474
2019-05-03,3193.6164972738
2019-05-06,3166.8439414966
2019-05-07,3113.7348224426
2019-05-08,3126.55
2019-05-09,3075.19
2019-05-10,3078.99
2019-05-13,3053.86
2019-05-14,3082.9774877277
2019-05-15,3102.6452293522
2019-05-16,3146.7710789955
2019-05-17,3138.7918061758
2019-05-20,3106.0412760607
2019-05-21,3117.8859051827
2019-05-22,3117.6588780284
2019-05-23,3083.7928545518
2019-05-24,3103.3160357249
2019-05-27,3113.6928168958
2019-05-28,3096.8511327725
2019-05-29,3058.8524410697
2019-05-30,3068.7393153912
2019-05-31,3042.8897337423
2019-06-03,3063.3440232775
2019-06-04,3078.8388436903
2019-06-05,3086.3684948837
2019-06-06,3092.3306945706
2019-06-07,3119.4854184405
2019-06-10,3126.5567352197
2019-06-11,3144.7467998448
2019-06-12,3137.4086749772
2019-06-13,3140.1601003088
2019-06-14,3129.8201125904
2019-06-17,3127.3302741823
2019-06-18,3181.2383823869
2019-06-19,3181.774239923
2019-06-20,3193.5768347457
2019-06-21,3179.2855377191
2019-06-24,3174.924058987
2019-06-25,3173.5862633044
2019-06-26,3160.7810504897
2019-06-27,3157.6373550499
2019-06-28,3178.9418552603
2019-07-01,3200.9053991424
2019-07-02,3217.1837345194
2019-07-03,3239.1530145011
2019-07-04,3240.599348901
2019-07-05,3222.0263240161
2019-07-08,3221.3164365871
2019-07-09,3211.2536442343
2019-07-10,3203.7763496215
2019-07-11,3191.2998495488
2019-07-12,3181.4296616273
2019-07-15,3184.5532959009
2019-07-16,3196.0163679005
2019-07-17,3188.8673554672
2019-07-18,3187.007286293
2019-07-19,3186.6323488105
2019-07-22,3191.2533928332
2019-07-23,3224.4746014914
2019-07-24,3214.9224289694
2019-07-25,3194.9008884162
2019-07-26,3212.8992949744
2019-07-29,3217.8892832134
2019-07-30,3178.8135320357
2019-07-31,3181.292828484
2019-08-01,3191.8204253342
2019-08-02,3112.8014110198
2019-08-05,3044.0621546886
2019-08-06,3022.2986820566
2019-08-07,3028.9310074404
2019-08-08,3083.2954981414
2019-08-09,3060.5550953022
2019-08-12,3057.6328477477
2019-08-13,3080.3176893607
2019-08-14,3035.3669163264
2019-08-15,3029.9313568151
2019-08-16,3063.3445768108
2019-08-19,3094.1234852044
2019-08-20,3077.2773052908
2019-08-21,3109.9861713758
2019-08-22,3096.3195710418
2019-08-23,3069.0484269696
2019-08-26,3070.882743843
2019-08-27,3086.3383737252
2019-08-28,3086.5024875233
2019-08-29,3120.73
2019-08-30,3136.2260190788
2019-09-02,3148.9718631528
2019-09-03,3142.8315944988
2019-09-04,3166.465825994
2019-09-05,3179.5158826251
2019-09-06,3190.4070606184
2019-09-09,3177.010377136
2019-09-10,3180.6584435877
2019-09-11,3203.8732526859
2019-09-12,3209.1011138743
2019-09-13,3208.9926658336
2019-09-16,3190.0361774147
2019-09-17,3195.6607865779
2019-09-18,3197.1089870087
2019-09-19,3220.9091537994
2019-09-20,3238.0193148299
2019-09-23,3221.6142525716
2019-09-24,3220.6810618526
2019-09-25,3208.0640365581
2019-09-26,3229.6546374881
2019-09-27,3241.8634986274
2019-09-30,3255.738027437
2019-10-01,3207.8934952199
2019-10-02,3118.5688993975
2019-10-03,3122.3336473982
2019-10-04,3144.1314929664
2019-10-07,3170.5283621475
2019-10-08,3139.3684676004
2019-10-09,3154.1761101318
2019-10-10,3171.0791030916
2019-10-11,3229.4294433737
2019-10-14,3212.8526807331
2019-10-15,3237.4006756115
2019-10-16,3232.8373400355
2019-10-17,3226.23
2019-10-18,3216.5345053564
2019-10-21,3233.0487377696
2019-10-22,3243.4589539314
2019-10-23,3252.3006741655
2019-10-24,3282.9438904835
2019-10-25,3285.5769151957
2019-10-28,3282.7664428177
2019-10-29,3280.6329079948
2019-10-30,3289.1718362448
2019-10-31,3267.223786969
2019-11-01,3284.1471580657
2019-11-04,3315.361825268
2019-11-05,3321.654880506
2019-11-06,3335.0356562774
2019-11-07,3339.7574808227
2019-11-08,3337.293633786
2019-11-11,3336.6476130021
2019-11-12,3350.6469477785
2019-11-13,3347.6694433373
2019-11-14,3330.4449489381
2019-11-15,3337.190311795
2019-11-18,3339.8435229555
2019-11-19,3333.0330703481
2019-11-20,3316.9739901826
2019-11-21,3311.4831689645
2019-11-22,3322.0901391934
2019-11-25,3355.6647951074
2019-11-26,3350.6034344323
2019-11-27,3362.4986207436
2019-11-28,3357.4283793224
2019-11-29,3344.7169160895
2019-12-02,3287.8038464574
2019-12-03,3264.9578274799
2019-12-04,3304.7397595862
2019-12-05,3295.2702764562
2019-12-06,3335.2141765765
2019-12-09,3325.7268010134
2019-12-10,3322.9325609874
2019-12-11,3330.207325295
2019-12-12,3337.7672815256
2019-12-13,3364.0039456156
2019-12-16,3410.8031695783
2019-12-17,3384.5498577074
2019-12-18,3382.1078483581
2019-12-19,3393.7642370171
2019-12-20,3431.7304986894
2019-12-23,3428.7756740297
2019-12-24,3429.74
2019-12-27,3435.5427146306
2019-12-30,3404.229018998
2019-12-31,3403.03
2020-01-02,3430.5792495188
2020-01-03,3428.9456094233
2020-01-06,3418.6175326897
2020-01-07,3419.0895191785
2020-01-08,3424.1263194955
2020-01-09,3435.6732791275
2020-01-10,3433.7417716995
2020-01-13,3424.6427492697
2020-01-14,3428.9588582827
2020-01-15,3434.9393480232
2020-01-16,3439.6253333665
2020-01-17,3477.285020786
2020-01-20,3469.0366300712
2020-01-21,3465.8391339272
2020-01-22,3455.1836332114
2020-01-23,3436.6911486606
2020-01-24,3465.9040058836
2020-01-27,3388.5181230152
2020-01-28,3418.5437417232
2020-01-29,3435.9569291799
2020-01-30,3401.3796421771
2020-01-31,3361.1844123476
2020-02-03,3368.894889906
2020-02-04,3427.777200523
2020-02-05,3473.2980486409
2020-02-06,3487.4405628809
2020-02-07,3481.7247793483
2020-02-10,3482.5496426681
2020-02-11,3506.5739662471
2020-02-12,3520.3334822997
2020-02-13,3517.5655123599
2020-02-14,3506.2734083419
2020-02-17,3520.6978081062
2020-02-18,3511.6284454889
2020-02-19,3539.1203632411
2020-02-20,3507.3875834091
2020-02-21,3490.5308308458
2020-02-24,3363.363745306
2020-02-25,3301.3228503738
2020-02-26,3303.7664445344
2020-02-27,3183.3746013811
2020-02-28,3060.0077009051
2020-03-02,3074.8903335969
2020-03-03,3110.5482784984
2020-03-04,3173.6672070178
2020-03-05,3137.9428981513
2020-03-06,3015.1991940408
2020-03-09,2788.6517160135
2020-03-10,2764.4607713612
2020-03-11,2761.3763309388
2020-03-12,2461.3524121718
2020-03-13,2495.4578680683
2020-03-16,2406.8352304814
2020-03-17,2491.5910179703
2020-03-18,2383.144655693
2020-03-19,2465.0734473219
2020-03-20,2500.0707731659
2020-03-23,2398.7303086738
2020-03-24,2589.483682429
2020-03-25,2668.3603473327
2020-03-26,2725.5153188851
2020-03-27,2639.8171769918
2020-03-30,2699.8734584652
2020-03-31,2730.3085792494
2020-04-01,2663.936030395
2020-04-02,2686.8073969218
2020-04-03,2667.1524119757
2020-04-06,2753.122740418
2020-04-07,2775.0459701415
2020-04-08,2767.1409603508
2020-04-09,2794.23
2020-04-14,2818.6391232703
2020-04-15,2739.8089606135
2020-04-16,2763.6603762588
2020-04-17,2826.0901003414
2020-04-20,2857.3139760961
2020-04-21,2755.5599878827
2020-04-22,2812.3571668184
2020-04-23,2827.8938784982
2020-04-24,2801.3349626545
2020-04-27,2847.3123052709
2020-04-28,2893.0330082719
2020-04-29,2918.7633586341
2020-04-30,2853.4670985201
2020-05-04,2766.9961705666
2020-05-05,2825.5970058811
2020-05-06,2819.1603679229
2020-05-07,2834.9306071643
2020-05-08,2855.7292473172
2020-05-11,2851.7151306054
2020-05-12,2860.2225387061
2020-05-13,2812.0884277883
2020-05-14,2756.6061232819
2020-05-15,2767.0938768325
2020-05-18,2866.6637503779
2020-05-19,2847.818250767
2020-05-20,2874.0332994661
2020-05-21,2847.4922434244
2020-05-22,2837.274934164
2020-05-25,2877.0336107788
2020-05-26,2881.8832201641
2020-05-27,2889.2258550148
2020-05-28,2935.6587942988
2020-05-29,2892.836816201
2020-06-01,2919.8879088838
2020-06-02,2961.0454828912
2020-06-03,3036.0078764265
2020-06-04,3005.9147293008
2020-06-05,3086.332739667
2020-06-08,3077.7586005768
2020-06-09,3051.6731332596
2020-06-10,3047.5149963832
2020-06-11,2929.1601056885
2020-06-12,2933.2020971326
2020-06-15,2922.7396409056
2020-06-16,3007.7646012143
2020-06-17,3042.4996125517
2020-06-18,3020.1587599824
2020-06-19,3049.9274453122
2020-06-22,3019.9116213125
2020-06-23,3058.193624704
2020-06-24,2974.2800288904
2020-06-25,2997.3613448087
2020-06-26,2981.2778824526
2020-06-29,2991.6071918712
2020-06-30,2988.994468225
2020-07-01,2995.5399212449
2020-07-02,3055.3125601858
2020-07-03,3024.1814078183
2020-07-06,3070.7806247541
2020-07-07,3047.6157231033
2020-07-08,3030.9772558839
2020-07-09,3009.0363560591
2020-07-10,3032.5918743597
2020-07-13,3059.7136561836
2020-07-14,3037.2317432772
2020-07-15,3088.5876951355
2020-07-16,3072.6238900591
2020-07-17,3081.4720103462
2020-07-20,3093.2924087179
2020-07-21,3099.8272812253
2020-07-22,3061.9256915655
2020-07-23,3064.2732481989
2020-07-24,3009.908155971
2020-07-27,3001.3627848675
2020-07-28,3016.9854383987
2020-07-29,3010.5155185488
2020-07-30,2951.4452569994
2020-07-31,2912.9037301908
2020-08-03,2972.4499254373
2020-08-04,2972.6171177446
2020-08-05,2971.0812150314
2020-08-06,2942.3920177713
2020-08-07,2946.7283781096
2020-08-10,2957.5128486254
2020-08-11,3002.5923623939
2020-08-12,3041.3802085885
2020-08-13,3014.1516426478
2020-08-14,2979.8695220769
2020-08-17,2986.6331887043
2020-08-18,2971.7798016289
2020-08-19,2999.6684024203
2020-08-20,2968.563119467
2020-08-21,2958.8335906932
2020-08-24,3008.3013224198
2020-08-25,2996.5120452598
2020-08-26,3016.6627268644
2020-08-27,2996.5650584272
2020-08-28,2976.3357467862
2020-08-31,2954.5451041409
2020-09-01,2947.6117745734
2020-09-02,3005.2241014879
2020-09-03,2967.3528937564
2020-09-04,2928.144125047
2020-09-07,2977.6753673646
2020-09-08,2944.2245477179
2020-09-09,2997.1523400903
2020-09-10,2976.3425017778
2020-09-11,2986.20319224
2020-09-14,2987.5698519677
2020-09-15,3009.301937829
2020-09-16,3016.5679448659
2020-09-17,2998.3786378603
2020-09-18,2978.5900095177
2020-09-21,2892.7978579136
2020-09-22,2900.3054354167
2020-09-23,2917.3900285608
2020-09-24,2888.2702362549
2020-09-25,2882.0308392132
2020-09-28,2938.0740114704
2020-09-29,2917.8895776551
2020-09-30,2904.1186933793
2020-10-01,2902.7556419045
2020-10-02,2911.1274763318
2020-10-05,2924.4445343565
2020-10-06,2921.2511470439
2020-10-07,2911.8692326347
2020-10-08,2934.6951340758
2020-10-09,2953.6082294173
2020-10-12,2974.0660182593
2020-10-13,2963.4800278738
2020-10-14,2949.112707481
2020-10-15,2879.3979481295
2020-10-16,2921.8340182058
2020-10-19,2910.2187698599
2020-10-20,2892.0122525478
2020-10-21,2853.4975904281
2020-10-22,2849.5935755142
2020-10-23,2867.3861538514
2020-10-26,2813.0391822869
2020-10-27,2787.7566846291
2020-10-28,2705.0533250902
2020-10-29,2702.3882416415
2020-10-30,2700.6237260627
2020-11-02,2754.0296982236
2020-11-03,2820.8151833214
2020-11-04,2887.2727918879
2020-11-05,2907.4040952994
2020-11-06,2900.4124279972
2020-11-09,3021.4186835279
2020-11-10,3054.0199340982
2020-11-11,3091.8962937886
2020-11-12,3056.8904377628
2020-11-13,3051.4971051419
2020-11-16,3081.884868017
2020-11-17,3071.2870834562
2020-11-18,3079.5255915773
2020-11-19,3053.6779823058
2020-11-20,3067.3211461079
2020-11-23,3058.3489088257
2020-11-24,3085.6963804002
2020-11-25,3083.1172283957
2020-11-26,3083.4788405102
2020-11-27,3090.2240282661
2020-11-30,3054.1854108391
2020-12-01,3069.3313632812
2020-12-02,3075.9763150774
2020-12-03,3066.75169508
2020-12-04,3091.0694316003
2020-12-07,3087.9916248627
2020-12-08,3091.8303728991
2020-12-09,3102.0946619579
2020-12-10,3099.9468053037
2020-12-11,3078.0158041017
2020-12-14,3074.6379191682
2020-12-15,3072.6084363297
2020-12-16,3101.2268643834
2020-12-17,3106.9540273012
2020-12-18,3096.2914380204
2020-12-21,3018.0206804533
2020-12-22,3049.6438942257
2020-12-23,3075.1743789883
2020-12-24,3075.2
2020-12-28,3097.5564536926
2020-12-29,3124.4727026466
2020-12-30,3118.3239664722
2020-12-31,3108.3
2021-01-04,3124.2744307888
2021-01-05,3118.4440109538
2021-01-06,3166.7791489298
2021-01-07,3172.3200813484
2021-01-08,3192.9062911753
2021-01-11,3182.7418964137
2021-01-12,3176.4849854335
2021-01-13,3178.8075517466
2021-01-14,3207.620512125
2021-01-15,3185.6694593808
2021-01-18,3184.2453652376
2021-01-19,3185.9087728548
2021-01-20,3203.7247906298
2021-01-21,3196.7110854977
2021-01-22,3188.7746203631
2021-01-25,3170.8810006789
2021-01-26,3192.5408107456
2021-01-27,3157.7616642402
2021-01-28,3151.2249159274
2021-01-29,3075.3412224756
2021-02-01,3110.9078689447
2021-02-02,3146.6178420029
2021-02-03,3158.2789300168
2021-02-04,3173.638679638
2021-02-05,3164.5062243086
2021-02-08,3171.8701735088
2021-02-09,3174.4985779525
2021-02-10,3172.11
2021-02-11,3185.2606493326
2021-02-12,3211.0092352647
2021-02-15,3247.4017728732
2021-02-16,3242.1892186807
2021-02-17,3227.9481146047
2021-02-18,3202.8083787835
2021-02-19,3206.8088645647
2021-02-22,3193.9708397022
2021-02-23,3180.0794111323
2021-02-24,3193.5113675712
2021-02-25,3172.978274597
2021-02-26,3124.5093081072
2021-03-01,3181.1457015715
2021-03-02,3190.626518644
2021-03-03,3187.3134580266
2021-03-04,3181.8787578576
2021-03-05,3162.3380537027
2021-03-08,3231.6901229827
2021-03-09,3250.4633179271
2021-03-10,3270.5133961258
2021-03-11,3275.0719133966
2021-03-12,3260.8188113006
2021-03-15,3261.605568087
2021-03-16,3289.4934670335
2021-03-17,3282.1070099729
2021-03-18,3296.6798176806
2021-03-19,3276.6846184649
2021-03-22,3283.0280208281
2021-03-23,3276.26
2021-03-24,3274.2170164548
2021-03-25,3273.6550817486
2021-03-26,3297.5957001169
2021-03-29,3316.9910792292
2021-03-30,3334.8989131312
2021-03-31,3323.1762828206
2021-04-01,3334.81
2021-04-06,3358.4367801818
2021-04-07,3348.23
2021-04-08,3373.3929373706
2021-04-09,3372.9030077038
2021-04-12,3357.4977393656
2021-04-13,3352.0553983878
2021-04-14,3363.0344404739
2021-04-15,3387.1107219566
2021-04-16,3417.1521392391
2021-04-19,3411.9958739766
2021-04-20,3350.4496761
2021-04-21,3386.1134618522
2021-04-22,3407.580442863
2021-04-23,3396.5447829272
2021-04-26,3398.2255384384
2021-04-27,3390.229755334
2021-04-28,3394.4828432839
2021-04-29,3387.0353466402
2021-04-30,3382.7023656084
2021-05-03,3402.0018283648
2021-05-04,3357.9285742896
2021-05-05,3418.0950859512
2021-05-06,3418.9617104143
2021-05-07,3443.7817194145
2021-05-10,3448.0701081275
2021-05-11,3384.6271477362
2021-05-12,3408.7190914902
2021-05-13,3405.6378169835
2021-05-14,3442.7883831485
2021-05-17,3443.1156886148
2021-05-18,3432.6081629828
2021-05-19,3380.1380815666
2021-05-20,3425.3398893092
2021-05-21,3443.1024640399
2021-05-24,3449.2094958092
2021-05-25,3443.1532700018
2021-05-26,3443.6195174198
2021-05-27,3442.5612736667
2021-05-28,3462.9631275452
2021-05-31,3439.1107357667
2021-06-01,3458.1412986548
2021-06-02,3475.91
2021-06-03,3471.79
2021-06-04,3488.08
2021-06-07,3492.17
2021-06-08,3495.49
2021-06-09,3510.58
2021-06-10,3519.12
2021-06-11,3541.36
2021-06-14,3548.7
2021-06-15,3565.25
2021-06-16,3576.03
2021-06-17,3580.060635583
2021-06-18,3525.1484922062
2021-06-21,3546.3602974498
2021-06-22,3550.3957115359
2021-06-23,3519.2631379275
2021-06-24,3542.8757048385
2021-06-25,3545.1680776244
2021-06-28,3532.1556668469
2021-06-29,3539.9952285754
2021-06-30,3512.5000859523
2021-07-01,3527.8145552227
2021-07-02,3535.1713286659
2021-07-05,3540.2532270954
2021-07-06,3521.0895549105
2021-07-07,3548.2621092219
2021-07-08,3490.9131611026
2021-07-09,3541.4369575374
2021-07-12,3563.9178682687
2021-07-13,3569.7897473823
2021-07-14,3567.9391518194
2021-07-15,3535.2722378451
2021-07-16,3528.524218482
2021-07-19,3447.179219033
2021-07-20,3465.0626753808
2021-07-21,3511.076944306
2021-07-22,3514.3276050653
2021-07-23,3558.0843304756
2021-07-26,3548.1205607955
2021-07-27,3530.1856625005
2021-07-28,3557.5314449349
2021-07-29,3569.6206333613
2021-07-30,3555.8118440752
2021-08-02,3570.3833631602
2021-08-03,3581.8965832238
2021-08-04,3601.2330643059
2021-08-05,3613.9786037276
2021-08-06,3612.9566015352
2021-08-09,3624.9856819856
2021-08-10,3634.2017520475
2021-08-11,3649.811734196
2021-08-12,3655.3985676753
2021-08-13,3664.1767776511
2021-08-16,3649.5111861113
2021-08-17,3662.6431390624
2021-08-18,3656.8705760955
2021-08-19,3605.7171132088
2021-08-20,3617.9477823432
2021-08-23,3635.2743474725
2021-08-24,3625.9767625035
2021-08-25,3620.9866957891
2021-08-26,3611.8941735773
2021-08-27,3625.9826215637
2021-08-30,3627.7096671005
2021-08-31,3617.1939836956
2021-09-01,3629.6146417896
2021-09-02,3634.3812233556
2021-09-03,3613.5510791654
2021-09-06,3645.0048579562
2021-09-07,3620.5092198866
2021-09-08,3585.0068997729
2021-09-09,3569.7742862566
2021-09-10,3563.2959657286
2021-09-13,3577.1770561581
2021-09-14,3573.0716273867
2021-09-15,3544.817411831
2021-09-16,3552.6903173346
2021-09-17,3521.6237236721
2021-09-20,3473.5462779595
2021-09-21,3513.4196311278
2021-09-22,3547.1785463999
2021-09-23,3577.8498454883
2021-09-24,3550.3549709665
2021-09-27,3547.5671979639
2021-09-28,3474.5482212371
2021-09-29,3504.0469713097
2021-09-30,3499.4208184774
2021-10-01,3480.7584562089
2021-10-04,3472.1300501987
2021-10-05,3512.1000685511
2021-10-06,3483.1747729755
2021-10-07,3549.5989939173
2021-10-08,3539.646997119
2021-10-11,3548.821134809
2021-10-12,3535.3698134728
2021-10-13,3553.4080188016
2021-10-14,3603.6748062162
2021-10-15,3628.0465135802
2021-10-18,3607.1666565566
2021-10-19,3612.2122743251
2021-10-20,3623.7401634126
2021-10-21,3616.2884291695
2021-10-22,3637.1838584324
2021-10-25,3639.5969792287
2021-10-26,3671.196664065
2021-10-27,3662.1880968452
2021-10-28,3674.9925847727
2021-10-29,3688.3184878691
2021-11-01,3707.9317729615
2021-11-02,3722.5437013909
2021-11-03,3735.9588919076
2021-11-04,3750.8451148151
2021-11-05,3758.3212651962
2021-11-08,3754.6437774689
2021-11-09,3751.5759516173
2021-11-10,3761.2856661758
2021-11-11,3769.296610738
2021-11-12,3766.7762267246
2021-11-15,3786.4632148459
2021-11-16,3800.1593386541
2021-11-17,3808.4180436921
2021-11-18,3782.7970361178
2021-11-19,3772.7845216793
2021-11-22,3769.5612103217
2021-11-23,3733.9358819829
2021-11-24,3738.0331541353
2021-11-25,3748.9612836217
2021-11-26,3606.579036849
2021-11-29,3625.6635411635
2021-11-30,3593.4212980172
2021-12-01,3666.3739631807
2021-12-02,3626.3430845714
2021-12-03,3613.8061644693
2021-12-06,3663.1083316361
2021-12-07,3748.8563787173
2021-12-08,3726.7802486235
2021-12-09,3721.9887056022
2021-12-10,3721.3425336712
2021-12-13,3712.2992546508
2021-12-14,3682.7470816825
2021-12-15,3697.1133336391
2021-12-16,3753.0152158117
2021-12-17,3730.7648393773
2021-12-20,3671.5038706998
2021-12-21,3725.1014518073
2021-12-22,3754.1152801364
2021-12-23,3789.160539416
2021-12-24,3782.5092995971
2021-12-27,3806.3760655321
2021-12-28,3829.0271632355
2021-12-29,3814.4218574011
2021-12-30,3824.38614859
2021-12-31,3818.4631081345
2022-01-03,3834.8615981151
2022-01-04,3864.3535148236
2022-01-05,3866.6030478996
2022-01-06,3823.0028570983
2022-01-07,3816.6209754652
2022-01-10,3767.8693648452
2022-01-11,3801.6650739302
2022-01-12,3828.8345039923
2022-01-13,3827.1345474176
2022-01-14,3798.5209828148
2022-01-17,3830.9935248217
2022-01-18,3802.49310748
2022-01-19,3814.3244928133
2022-01-20,3836.0149151082
2022-01-21,3781.9841794452
2022-01-24,3646.075605673
2022-01-25,3676.1594421977
2022-01-26,3733.6853428799
2022-01-27,3772.5483726538
2022-01-28,3730.934055262
2022-01-31,3747.5167736822
2022-02-01,3798.8686918524
2022-02-02,3804.1553454454
2022-02-03,3737.0393815252
2022-02-04,3694.1160554724
2022-02-07,3728.9704684187
2022-02-08,3728.9647915787
2022-02-09,3785.4530624249
2022-02-10,3781.8705492894
2022-02-11,3763.1781966094
2022-02-14,3696.9976435292
2022-02-15,3749.1179984873
2022-02-16,3753.9564332143
2022-02-17,3735.6693789285
2022-02-18,3714.5446223382
2022-02-21,3672.8430252145
2022-02-22,3667.1654666179
2022-02-23,3660.1742766844
2022-02-24,3541.5111325718
2022-02-25,3661.2420485024
2022-02-28,3642.4394973629
2022-03-01,3567.9800537013
2022-03-02,3619.5789936404
2022-03-03,3549.0207372166
2022-03-04,3425.1146022045
2022-03-07,3396.7662948799
2022-03-08,3388.9955731199
2022-03-09,3542.2690647817
2022-03-10,3467.1972087359
2022-03-11,3491.1269430218
2022-03-14,3519.6348347806
2022-03-15,3518.0123977703
2022-03-16,3611.1139724395
2022-03-17,3635.7532753175
2022-03-18,3667.2188142192
2022-03-21,3673.7992723774
2022-03-22,3708.4536590484
2022-03-23,3681.383341577
2022-03-24,3686.1195903012
2022-03-25,3693.9564777754
2022-03-28,3698.9172474027
2022-03-29,3749.2526627324
2022-03-30,3742.3390778117
2022-03-31,3710.8392722005
2022-04-01,3735.2564151434
2022-04-04,3774.4959560913
2022-04-05,3782.5872637654
2022-04-06,3737.9793538918
2022-04-07,3733.4886241574
2022-04-08,3788.8076030914
2022-04-11,3776.5540675489
2022-04-12,3755.8829238156
2022-04-13,3761.3124597373
2022-04-14,3783.1
2022-04-19,3744.3460963987
2022-04-20,3770.8642387557
2022-04-21,3781.1308193414
2022-04-22,3719.5178736646
2022-04-25,3656.7694059615
2022-04-26,3632.4296384814
2022-04-27,3668.3535952024
2022-04-28,3694.3443667528
2022-04-29,3726.2122680687
2022-05-02,3673.1949682371
2022-05-03,3691.9580847848
2022-05-04,3651.8702560749
2022-05-05,3638.2934798625
2022-05-06,3574.4113844415
2022-05-09,3483.4601761023
2022-05-10,3508.4741885347
2022-05-11,3562.4399273038
2022-05-12,3530.5889251184
2022-05-13,3605.0563184833
2022-05-16,3603.2879373878
2022-05-17,3642.7687699909
2022-05-18,3600.0181752606
2022-05-19,3539.694451629
2022-05-20,3564.8065644796
2022-05-23,3612.1298395031
2022-05-24,3577.1487013652
2022-05-25,3598.6506656629
2022-05-26,3627.7768515459
2022-05-27,3674.5078765104
2022-05-30,3687.2379330675
2022-05-31,3672.1594636383
2022-06-01,3638.0344577643
2022-06-02,3652.5171887665
2022-06-03,3647.0863632633
2022-06-06,3678.1863241159
2022-06-07,3669.1851967019
2022-06-08,3649.3229883568
2022-06-09,3600.1889821197
2022-06-10,3510.7322542699
2022-06-13,3442.3095900033
2022-06-14,3405.0581255114
2022-06-15,3443.3692085151
2022-06-16,3371.1236260911
2022-06-17,3361.9031188444
2022-06-20,3399.086758563
2022-06-21,3415.1119712959
2022-06-22,3396.6507051299
2022-06-23,3385.1510177651
2022-06-24,3488.169988018
2022-06-27,3498.2635663002
2022-06-28,3505.4187588009
2022-06-29,3504.112956967
2022-06-30,3449.8987241357
2022-07-01,3441.2560451302
2022-07-04,3470.6165681888
2022-07-05,3389.6883239028
2022-07-06,3445.3537756905
2022-07-07,3500.5629773678
2022-07-08,3504.8293863176
2022-07-11,3499.3814655074
2022-07-12,3512.0164492266
2022-07-13,3476.0669532339
2022-07-14,3425.0443096015
2022-07-15,3495.8054664943
2022-07-18,3517.5890690867
2022-07-19,3562.091329987
2022-07-20,3546.7267385563
2022-07-21,3556.2794189437
2022-07-22,3565.3461200512
2022-07-25,3581.9057304097
2022-07-26,3597.6636326005
2022-07-27,3610.748433341
2022-07-28,3636.9654763023
2022-07-29,3662.4970722322
2022-08-01,3655.591120021
2022-08-02,3651.1832278908
2022-08-03,3661.4358611975
2022-08-04,3660.476499821
2022-08-05,3641.1989883812
2022-08-08,3662.4123629117
2022-08-09,3651.2204742474
2022-08-10,3657.0859390634
2022-08-11,3651.1107995916
2022-08-12,3666.4681496605
2022-08-15,3680.0003018445
2022-08-16,3686.503805082
2022-08-17,3667.3648214342
2022-08-18,3683.5004951654
2022-08-19,3671.9510741797
2022-08-22,3655.4936592543
2022-08-23,3637.0633690889
2022-08-24,3646.0213466346
2022-08-25,3660.1451853285
2022-08-26,3610.8160041028
2022-08-29,3584.1306005235
2022-08-30,3550.7313619773
2022-08-31,3501.6126347355
2022-09-01,3449.1461956464
2022-09-02,3509.0797710115
2022-09-05,3501.1427699831
2022-09-06,3503.3361272241
2022-09-07,3474.8429537328
2022-09-08,3489.7159334211
2022-09-09,3539.6140897813
2022-09-12,3593.5712752841
2022-09-13,3552.9891812686
2022-09-14,3527.7999280315
2022-09-15,3505.3047619494
2022-09-16,3454.0393373453
2022-09-19,3453.14202137
2022-09-20,3430.4006389039
2022-09-21,3458.5133297056
2022-09-22,3406.4154749537
2022-09-23,3336.6300240042
2022-09-26,3322.2429629832
2022-09-27,3327.4070109937
2022-09-28,3347.6982674797
2022-09-29,3310.0913223047
2022-09-30,3331.8056146309
2022-10-03,3347.4400437787
2022-10-04,3447.0728922794
2022-10-05,3426.2747009011
2022-10-06,3401.3143992294
2022-10-07,3378.4815855671
2022-10-10,3360.5183931297
2022-10-11,3348.2608419593
2022-10-12,3344.8687109013
2022-10-13,3355.603580783
2022-10-14,3367.2805284818
2022-10-17,3418.6493802873
2022-10-18,3414.7028841424
2022-10-19,3416.3420021182
2022-10-20,3424.2982251359
2022-10-21,3414.269661563
2022-10-24,3453.2435806667
2022-10-25,3488.7680364876
2022-10-26,3506.4298237557
2022-10-27,3508.5259572879
2022-10-28,3525.4474054228
2022-10-31,3543.4379832605
2022-11-01,3566.1345921222
2022-11-02,3560.4558763686
2022-11-03,3539.4773443584
2022-11-04,3596.4752829764
2022-11-07,3596.1738171476
2022-11-08,3607.5927280226
2022-11-09,3597.9275301966
2022-11-10,3676.8720862439
2022-11-11,3659.6523537599
2022-11-14,3673.0145445515
2022-11-15,3693.3680322581
2022-11-16,3672.814371083
2022-11-17,3666.9647916922
2022-11-18,3707.3829138667
2022-11-21,3710.4158501307
2022-11-22,3742.9305723577
2022-11-23,3760.001607026
2022-11-24,3766.0462700276
2022-11-25,3769.064714651
2022-11-28,3762.9079342968
2022-11-29,3765.6433499187
2022-11-30,3795.9044625989
2022-12-01,3817.1235766564
2022-12-02,3805.4627281625
2022-12-05,3793.4696420785
2022-12-06,3777.1885327006
2022-12-07,3756.7511596121
2022-12-08,3756.9674101052
2022-12-09,3779.4419675511
2022-12-12,3760.5344689419
2022-12-13,3804.6568717284
2022-12-14,3806.2655931729
2022-12-15,3693.5986866648
2022-12-16,3657.4380842727
2022-12-19,3669.551719937
2022-12-20,3659.0983671297
2022-12-21,3719.0666841579
2022-12-22,3682.7583072435
2022-12-23,3677.4963013855
2022-12-27,3684.4082401766
2022-12-28,3677.6123082386
2022-12-29,3700.8346043547
2022-12-30,3651.8292444731
2023-01-02,3685.6572688716
2023-01-03,3730.9498553514
2023-01-04,3780.0705792122
2023-01-05,3766.1974284726
2023-01-06,3817.1900900326
2023-01-09,3842.5416343412
2023-01-10,3819.9468923555
2023-01-11,3831.9431878318
2023-01-12,3848.0357537199
2023-01-13,3878.9007882623
2023-01-16,3891.4492082758
2023-01-17,3912.406140816
2023-01-18,3915.1078252667
2023-01-19,3861.3547046764
2023-01-20,3867.8305125381
2023-01-23,3881.2939291773
2023-01-24,3864.5724487413
2023-01-25,3860.979686351
2023-01-26,3860.0998743202
2023-01-27,3862.196525119
2023-01-30,3862.0360924457
2023-01-31,3853.321273569
2023-02-01,3837.0590079405
2023-02-02,3843.7787542925
2023-02-03,3879.1274384989
2023-02-06,3856.4012125648
2023-02-07,3877.5740327455
2023-02-08,3888.3240885692
2023-02-09,3912.0155910908
2023-02-10,3893.3585464804
2023-02-13,3934.0349556079
2023-02-14,3935.8139274772
2023-02-15,3947.9652391652
2023-02-16,3943.0701692527
2023-02-17,3937.6245037098
2023-02-20,3937.8451444192
2023-02-21,3942.2125309686
2023-02-22,3933.3500144623
2023-02-23,3928.1272566925
2023-02-24,3879.1661463676
2023-02-27,3918.3504579307
2023-02-28,3895.4792072408
2023-03-01,3867.4773151417
2023-03-02,3899.2009801792
2023-03-03,3924.5862530092
2023-03-06,3918.1316095925
2023-03-07,3896.8752565152
2023-03-08,3898.6223442735
2023-03-09,3894.2248001375
2023-03-10,3854.5053454253
2023-03-13,3773.0021748755
2023-03-14,3825.5960359043
2023-03-15,3731.9869350409
2023-03-16,3773.1887327779
2023-03-17,3740.6444367156
2023-03-20,3777.9375850128
2023-03-21,3816.2619174733
2023-03-22,3834.6601754074
2023-03-23,3830.5827400452
2023-03-24,3801.2911950433
2023-03-27,3840.3164013493
2023-03-28,3841.794240608
2023-03-29,3888.5490660745
2023-03-30,3914.1225343647
2023-03-31,3941.0987059476
2023-04-03,3952.4736519486
2023-04-04,3948.496845387
2023-04-05,3967.3011010117
2023-04-06,3981.99
2023-04-11,3999.3405354142
2023-04-12,4001.9179483715
2023-04-13,4022.4563719814
2023-04-14,4044.5067067865
2023-04-17,4040.7857967775
2023-04-18,4052.5339770448
2023-04-19,4047.0848385593
2023-04-20,4053.4663518521
2023-04-21,4079.6027701125
2023-04-24,4074.4702736866
2023-04-25,4071.556656735
2023-04-26,4025.9026660937
2023-04-27,4029.9634446349
2023-04-28,4048.5033139046
2023-05-02,4000.650288868
2023-05-03,4016.0652699159
2023-05-04,3998.0680102137
2023-05-05,4032.4826036849
2023-05-08,4050.2324003906
2023-05-09,4041.3513956039
2023-05-10,4018.3632648619
2023-05-11,4020.6355610401
2023-05-12,4040.7061762691
2023-05-15,4045.3816863198
2023-05-16,4036.0339914137
2023-05-17,4032.3625295261
2023-05-18,4052.4057579953
2023-05-19,4075.3504099683
2023-05-22,4074.0386995065
2023-05-23,4043.4911757012
2023-05-24,3981.6639299241
2023-05-25,3972.9445042186
2023-05-26,4027.7082976322
2023-05-29,4023.2375426225
2023-05-30,3972.4395607713
2023-05-31,3925.3770059638
2023-06-01,3950.7276998361
2023-06-02,3998.5116907274
2023-06-05,3982.3618575584
2023-06-06,3995.380807233
2023-06-07,3978.0412229775
2023-06-08,3976.4156751697
2023-06-09,3972.7581632424
2023-06-12,3974.1648073675
2023-06-13,3992.0858416507
2023-06-14,4002.2827489738
2023-06-15,4008.0762795963
2023-06-16,4033.4034323513
2023-06-19,4001.6406681882
2023-06-20,3983.0789490075
2023-06-21,3967.6759793742
2023-06-22,3952.4819703075
2023-06-23,3945.5422751583
2023-06-26,3938.3379323436
2023-06-27,3938.8572522908
2023-06-28,3959.2164331947
2023-06-29,3963.0044351708
2023-06-30,4003.917935291
2023-07-03,3988.3166320453
2023-07-04,3987.9958348701
2023-07-05,3963.8175788693
2023-07-06,3867.9742234399
2023-07-07,3855.6276461161
2023-07-10,3865.2873016271
2023-07-11,3882.152931559
2023-07-12,3935.4957818536
2023-07-13,3959.65212625
2023-07-14,3963.4601535323
2023-07-17,3924.9140290753
2023-07-18,3945.3127885393
2023-07-19,3948.6215460772
2023-07-20,3975.2646504241
2023-07-21,3997.9943640241
2023-07-24,3994.1864708412
2023-07-25,4009.7134947705
2023-07-26,3973.5520407454
2023-07-27,4038.535046339
2023-07-28,4038.1222149936
2023-07-31,4053.527418299
2023-08-01,4015.6424093448
2023-08-02,3962.8634477217
2023-08-03,3932.4339369611
2023-08-04,3938.5547446209
2023-08-07,3949.0455262803
2023-08-08,3964.6742740987
2023-08-09,3984.0194919042
2023-08-10,4013.828185743
2023-08-11,3973.5086995278
2023-08-14,3980.9539731625
2023-08-15,3938.0690396109
2023-08-16,3939.8642143958
2023-08-17,3906.2117280551
2023-08-18,3885.3928523554
2023-08-21,3893.91721811
2023-08-22,3922.4972562764
2023-08-23,3943.7619656746
2023-08-24,3924.3670223384
2023-08-25,3921.9588430974
2023-08-28,3956.1132063714
2023-08-29,3986.5180158392
2023-08-30,3976.500799932
2023-08-31,3963.3948643059
2023-09-01,3967.7180224459
2023-09-04,3967.6349636613
2023-09-05,3964.285951316
2023-09-06,3938.344849711
2023-09-07,3948.1151539557
2023-09-08,3959.23735595
2023-09-11,3966.1878185501
2023-09-12,3964.5287451
2023-09-13,3946.9532458957
2023-09-14,4012.0084922999
2023-09-15,4021.4945190684
2023-09-18,3984.087564506
2023-09-19,3978.8364081926
2023-09-20,4007.0974567783
2023-09-21,3955.6519314813
2023-09-22,3947.2177975018
2023-09-25,3926.5336110556
2023-09-26,3902.461835307
2023-09-27,3900.7487231864
2023-09-28,3917.0272250464
2023-09-29,3919.8575426925
2023-10-02,3886.4685995882
2023-10-03,3852.2284621034
2023-10-04,3850.6598087884
2023-10-05,3859.7522523038
2023-10-06,3888.7422130165
2023-10-09,3884.2149869571
2023-10-10,3949.8895685341
2023-10-11,3962.1378897072
2023-10-12,3973.097659275
2023-10-13,3942.6181881128
2023-10-16,3944.8423702409
2023-10-17,3955.0907722819
2023-10-18,3917.6800975822
2023-10-19,3873.1100920941
2023-10-20,3823.08817005
2023-10-23,3818.0150795811
2023-10-24,3843.6540273843
2023-10-25,3862.2261502164
2023-10-26,3834.6848638069
2023-10-27,3783.7317548664
2023-10-30,3802.9735639629
2023-10-31,3811.8609537117
2023-11-01,3841.3740806527
2023-11-02,3898.2748986845
2023-11-03,3873.5564608599
2023-11-06,3877.5388906693
2023-11-07,3871.8423833953
2023-11-08,3884.0970160142
2023-11-09,3907.0310237085
2023-11-10,3867.4295622579
2023-11-13,3894.0351386191
2023-11-14,3916.7274835615
2023-11-15,3924.6934236997
2023-11-16,3903.6644436672
2023-11-17,3943.2847347304
2023-11-20,3943.7704025825
2023-11-21,3948.2953746495
2023-11-22,3956.125315335
2023-11-23,3969.3901629712
2023-11-24,3981.7495986246
2023-11-27,3961.7999999626
2023-11-28,3943.0708229431
2023-11-29,3950.5343509972
2023-11-30,3982.6141137728
2023-12-01,4019.733812431
2023-12-04,4019.4464564027
2023-12-05,4034.4936005218
2023-12-06,4042.2982956321
2023-12-07,4029.2084827849
2023-12-08,4064.6790873475
2023-12-11,4077.3922372858
2023-12-12,4072.4161201144
2023-12-13,4074.7730428134
2023-12-14,4071.8456605064
2023-12-15,4070.6283158397
2023-12-18,4065.1251059371
2023-12-19,4074.4524743675
2023-12-20,4082.183991675
2023-12-21,4078.5240534443
2023-12-22,4078.15
2023-12-27,4079.4397788132
2023-12-28,4080.3227277121
2023-12-29,4093.371088155
2024-01-02,4091.9769912427
2024-01-03,4077.9424251563
2024-01-04,4108.7194079839
2024-01-05,4097.4187247571
2024-01-08,4102.8647265114
2024-01-09,4097.2210443623
2024-01-10,4094.5272284486
2024-01-11,4061.1969538315
2024-01-12,4095.45333272
2024-01-15,4074.5509061077
2024-01-16,4072.5038416415
2024-01-17,4033.4035422588
2024-01-18,4058.6093579408
2024-01-19,4051.6594754008
2024-01-22,4073.7563603774
2024-01-23,4058.7455254327
2024-01-24,4121.8958578559
2024-01-25,4134.2800051271
2024-01-26,4193.3195244119
2024-01-29,4213.2366529936
2024-01-30,4215.7106066347
2024-01-31,4212.8118523994
2024-02-01,4203.7670558238
2024-02-02,4206.3710083645
2024-02-05,4216.567765752
2024-02-06,4243.9251923838
2024-02-07,4235.2219870128
2024-02-08,4220.8553160921
2024-02-09,4215.593497918
2024-02-12,4229.1669764826
2024-02-13,4198.6716307863
2024-02-14,4216.4941148524
2024-02-15,4238.2936606306
2024-02-16,4264.5190091146
2024-02-19,4276.8271158033
2024-02-20,4268.6428257772
2024-02-21,4252.2498502072
2024-02-22,4288.8805514277
2024-02-23,4309.2643284904
2024-02-26,4291.7189306026
2024-02-27,4299.9191576936
2024-02-28,4283.6980945807
2024-02-29,4277.8141505633
2024-03-01,4302.6108049666
2024-03-04,4315.9641281196
2024-03-05,4303.653573373
2024-03-06,4316.1619806609
2024-03-07,4370.1553349729
2024-03-08,4362.9725800429
2024-03-11,4347.8115236993
2024-03-12,4389.2194929819
2024-03-13,4399.7259222872
2024-03-14,4396.8944190792
2024-03-15,4374.3041990613
2024-03-18,4374.7508157047
2024-03-19,4377.5135329334
2024-03-20,4372.4113585319
2024-03-21,4402.3695380439
2024-03-22,4395.9292757544
2024-03-25,4405.1933002706
2024-03-26,4408.9565021813
2024-03-27,4415.4393472668
2024-03-28,4428.1
2024-04-02,4398.810600357
2024-04-03,4410.1475865582
2024-04-04,4411.2237144807
2024-04-05,4372.2055999989
2024-04-08,4391.952377648
2024-04-09,4363.5607617595
2024-04-10,4381.8407760547
2024-04-11,4368.2740849537
2024-04-12,4385.2643736951
2024-04-15,4390.0289059542
2024-04-16,4326.9528855123
2024-04-17,4326.9243429848
2024-04-18,4335.1454061608
2024-04-19,4338.7903454781
2024-04-22,4364.5976341118
2024-04-23,4412.2682043387
2024-04-24,4394.4581229338
2024-04-25,4376.5548176609
2024-04-26,4422.1953528823
2024-04-29,4413.1742318564
2024-04-30,4395.3028119383
2024-05-02,4370.6982503634
2024-05-03,4378.5535355839
2024-05-06,4400.189977549
2024-05-07,4455.9249113129
2024-05-08,4478.2252759178
2024-05-09,4490.3380392659
2024-05-10,4525.0453491953
2024-05-13,4528.9058318836
2024-05-14,4522.4068271097
2024-05-15,4535.2442806498
2024-05-16,4521.418260922
2024-05-17,4521.9190274131
2024-05-20,4531.5901131332
2024-05-21,4529.8204445667
2024-05-22,4502.9913944855
2024-05-23,4511.2906092822
2024-05-24,4496.6574120623
2024-05-27,4508.2439317388
2024-05-28,4478.2844294413
2024-05-29,4439.8480704198
2024-05-30,4464.0743438577
2024-05-31,4488.5644030406
2024-06-03,4498.769932123
2024-06-04,4479.2430129603
2024-06-05,4530.3013583076
2024-06-06,4574.4356573335
2024-06-07,4571.447671058
2024-06-10,4558.3440011431
2024-06-11,4515.846264496
2024-06-12,4559.9062564896
2024-06-13,4506.0881821684
2024-06-14,4475.2136675936
2024-06-17,4485.4531697808
2024-06-18,4513.1941118564
2024-06-19,4505.2361675088
2024-06-20,4544.6679764171
2024-06-21,4513.317878998
2024-06-24,4541.918179888
2024-06-25,4547.3526192847
2024-06-26,4518.9216079931
2024-06-27,4498.8655523941
2024-06-28,4491.4307850839
2024-07-01,4507.923622865
2024-07-02,4490.7440648773
2024-07-03,4508.7707221777
2024-07-04,4531.7112015476
2024-07-05,4520.357853668
2024-07-08,4521.1015971606
2024-07-09,4473.2907737637
2024-07-10,4516.7413574967
2024-07-11,4528.9704394509
2024-07-12,4577.6009507574
2024-07-15,4526.9130046552
2024-07-16,4506.2602929735
2024-07-17,4472.6867041297
2024-07-18,4442.1718931865
2024-07-19,4415.3843444125
2024-07-22,4462.5897253094
2024-07-23,4473.8012226109
2024-07-24,4441.3708853863
2024-07-25,4411.5696708324
2024-07-26,4448.0259509603
2024-07-29,4430.0934544718
2024-07-30,4441.0530848797
2024-07-31,4490.8382366752
2024-08-01,4437.1395088811
2024-08-02,4321.0235116986
2024-08-05,4234.9300251672
2024-08-06,4256.1537948589
2024-08-07,4308.3705089535
2024-08-08,4323.6406313812
2024-08-09,4351.0265279117
2024-08-12,4344.2229085805
2024-08-13,4371.0856463663
2024-08-14,4388.0993946002
2024-08-15,4444.3905355175
2024-08-16,4453.2949692306
2024-08-19,4474.6774601332
2024-08-20,4456.1678052419
2024-08-21,4469.5966494857
2024-08-22,4482.7415643354
2024-08-23,4494.6279528699
2024-08-26,4491.0079225677
2024-08-27,4498.8744592345
2024-08-28,4514.5910726075
2024-08-29,4553.1967552562
2024-08-30,4551.4807490179
2024-09-02,4557.2479848029
2024-09-03,4512.4637310729
2024-09-04,4454.8577004879
2024-09-05,4410.6316033477
2024-09-06,4356.8227744021
2024-09-09,4390.6068873175
2024-09-10,4365.3995450762
2024-09-11,4372.2620279265
2024-09-12,4402.4909604937
2024-09-13,4424.7205476104
2024-09-16,4416.6493388936
2024-09-17,4425.6871948675
2024-09-18,4398.9364920173
2024-09-19,4462.3270469617
2024-09-20,4386.9799287432
2024-09-23,4401.9381225381
2024-09-24,4441.2743971357
2024-09-25,4429.8117432515
2024-09-26,4487.4742531624
2024-09-27,4494.9994887014
2024-09-30,4453.09
2024-10-01,4445.4971367181
2024-10-02,4454.1518754659
2024-10-03,4416.8181417142
2024-10-04,4432.3189454204
2024-10-07,4454.2294503125
2024-10-08,4424.2266918225
2024-10-09,4454.4102060524
2024-10-10,4458.7589683071
2024-10-11,4488.4935242953
2024-10-14,4515.1176289884
2024-10-15,4448.3700649775
2024-10-16,4430.9764491667
2024-10-17,4474.9572707267
2024-10-18,4485.245435778
2024-10-21,4459.7539130062
2024-10-22,4451.6188498312
2024-10-23,4435.684025401
2024-10-24,4438.2142907954
2024-10-25,4438.9646656317
2024-10-28,4450.9847275864
2024-10-29,4427.7514034026
2024-10-30,4367.6802358842
2024-10-31,4315.0732416059
2024-11-01,4360.9722769025
2024-11-04,4340.1203711404
2024-11-05,4335.0421212093
2024-11-06,4306.4359297206
2024-11-07,4319.2161859831
2024-11-08,4287.004658013
2024-11-11,4335.0893335595
2024-11-12,4249.6603356113
2024-11-13,4255.9835970417
2024-11-14,4310.4190319992
2024-11-15,4264.6225356713
2024-11-18,4262.5518675934
2024-11-19,4248.2507276436
2024-11-20,4246.6292192416
2024-11-21,4265.68142647
2024-11-22,4316.5211946685
2024-11-25,4308.9944049687
2024-11-26,4291.5191594891
2024-11-27,4274.6725421172
2024-11-28,4294.9253528729
2024-11-29,4328.4463459715
2024-12-02,4363.9953552175
2024-12-03,4384.9534663667
2024-12-04,4392.8924222922
2024-12-05,4402.9805448045
2024-12-06,4416.2518575726
2024-12-09,4430.6654519616
2024-12-10,4402.1729738311
2024-12-11,4416.9075815888
2024-12-12,4416.6518159449
2024-12-13,4392.2742342066
2024-12-16,4390.2752994695
2024-12-17,4386.7888187041
2024-12-18,4390.8688013655
2024-12-19,4320.8566414488
2024-12-20,4250.9481852131
2024-12-23,4266.2566515868
2024-12-24,4274.15
2024-12-27,4305.5893267547
2024-12-30,4282.0537403753
2024-12-31,4308.63
2025-01-02,4338.8053183283
2025-01-03,4316.043927941
2025-01-06,4365.592686852
2025-01-07,4381.9174261415
2025-01-08,4387.7136210204
2025-01-09,4415.8876978596
2025-01-10,4379.9369263623
2025-01-13,4357.2604108909
2025-01-14,4344.9167036413
2025-01-15,4385.9244198112
2025-01-16,4452.9223130241
2025-01-17,4471.0488759298
2025-01-20,4464.8536217844
2025-01-21,4482.2558787889
2025-01-22,4508.569253299
2025-01-23,4521.0382387008
2025-01-24,4526.6983408667
2025-01-27,4527.5589621936
2025-01-28,4531.0605533874
2025-01-29,4559.5808610041
2025-01-30,4597.0479027084
2025-01-31,4607.7419330145
2025-02-03,4572.4252182561
2025-02-04,4577.5538392074
2025-02-05,4606.02205006
2025-02-06,4661.6537238921
2025-02-07,4645.3571838443
2025-02-10,4672.4870059288
2025-02-11,4681.7283588936
2025-02-12,4683.3419218367
2025-02-13,4725.3711135514
2025-02-14,4701.1668130338
2025-02-17,4718.8703403825
2025-02-18,4740.7895367281
2025-02-19,4708.772439228
2025-02-20,4701.2315266216
2025-02-21,4734.6785288888
2025-02-24,4727.3715579874
2025-02-25,4738.5530672897
2025-02-26,4775.4448724876
2025-02-27,4761.8415905036
2025-02-28,4761.5575512023
2025-03-03,4809.9791895897
2025-03-04,4718.4380140332
2025-03-05,4736.6281627569
2025-03-06,4713.7596295261
2025-03-07,4694.7467460326
2025-03-10,4633.5234465293
2025-03-11,4542.763271651
2025-03-12,4580.1391802144
2025-03-13,4585.91158432
2025-03-14,4635.2454885587
2025-03-17,4682.2989964928
2025-03-18,4704.9098291021
2025-03-19,4718.9390848203
2025-03-20,4702.5611969707
2025-03-21,4684.4476612617
2025-03-24,4668.0582437577
2025-03-25,4698.7850514429
2025-03-26,4662.557762254
2025-03-27,4638.3317857579
2025-03-28,4608.9198360754
2025-03-31,4545.6509508633
2025-04-01,4596.5164798909
2025-04-02,4567.3522885366
2025-04-03,4437.6107790612
2025-04-04,4226.4341468259
2025-04-07,4000.88
